Workbook

Sheet schedule
A1: matchlink | B1: description | C1: date | D1: time | E1: Home_Team | F1: Away_Team | G1: Round
A2: 57dotnff3xaafnxfltzt4czdg | C2: 46222 | D2: 19:00:00Z | G2: 3rd Place / Final
A3: 1wrjcpwj8cv0mb6d4yp67dams | C3: 46221 | D3: 21:00:00Z | G3: 3rd Place / Final
A4: 9jubv7maziug1x60neaq76g44 | C4: 46218 | D4: 19:00:00Z | G4: Semi Final
A5: 61zv9h8fu4v0812uihvl7m3h0 | C5: 46217 | D5: 19:00:00Z | G5: Semi Final
A6: 68n1p6yn5507yxvrrgfzod3bo | C6: 46215 | D6: 01:00:00Z | G6: Quarter Final
A7: 4mcheqqscjz2gduxagmcgeyhg | C7: 46214 | D7: 21:00:00Z | G7: Quarter Final
A8: 3a1xofm1wnspw1952k7e4du6s | C8: 46213 | D8: 19:00:00Z | G8: Quarter Final
A9: 1ot14rn6x26nlaxaxt27wkrv8 | C9: 46212 | D9: 20:00:00Z | G9: Quarter Final
A10: em70mwgw22fdt9i4womogw93o | B10: Switzerland v --- | C10: 46210 | D10: 20:00:00Z | E10: Switzerland | G10: Last 16
A11: ceq6z0bte8pgdbc2uwxni0x78 | C11: 46210 | D11: 16:00:00Z | G11: Last 16
A12: 7djxwsgj6k02ts4b8lj2akqok | B12: USA v Belgium | C12: 46210 | D12: 00:00:00Z | E12: USA | F12: Belgium | G12: Last 16
A13: 5fim3od605k9wne6uuiw641ec | B13: Portugal v Spain | C13: 46209 | D13: 19:00:00Z | E13: Portugal | F13: Spain | G13: Last 16
A14: b083yrj18tbck1z0og2evbhuc | B14: Mexico v England | C14: 46209 | D14: 00:00:00Z | E14: Mexico | F14: England | G14: Last 16
A15: 9fqb3vpytcmgk9pozahr7iz9w | B15: Brazil v Norway | C15: 46208 | D15: 20:00:00Z | E15: Brazil | F15: Norway | G15: Last 16
A16: 71syco9icpb3gpojexfq9sh04 | B16: Paraguay v France | C16: 46207 | D16: 21:00:00Z | E16: Paraguay | F16: France | G16: Last 16
A17: 1tfdd32vy6ouod43ek7l7kc9g | B17: Canada v Morocco | C17: 46207 | D17: 17:00:00Z | E17: Canada | F17: Morocco | G17: Last 16
A18: 3e05jx7evbp03r1yvu3ryg0t0 | B18: Colombia v Ghana | C18: 46207 | D18: 01:30:00Z | E18: Colombia | F18: Ghana | G18: Last 32
A19: c328g6toeflzg65gf28592olw | B19: Argentina vs Cabo Verde | C19: 46206 | D19: 22:00:00Z | E19: Argentina | F19: Cabo Verde | G19: Last 32
A20: etsoc4p3zsifly6xks7ossl5g | B20: Australia vs Egypt | C20: 46206 | D20: 18:00:00Z | E20: Australia | F20: Egypt | G20: Last 32
A21: 1pah6dqrmiqvtouxgbzlzoefo | B21: Switzerland v Algeria | C21: 46206 | D21: 03:00:00Z | E21: Switzerland | F21: Algeria | G21: Last 32
A22: a9a29jmg821rce6jl07v6rod0 | B22: Portugal v Croatia | C22: 46205 | D22: 23:00:00Z | E22: Portugal | F22: Croatia | G22: Last 32
A23: c26uegvn7o8d3uyb04tuuxjbo | B23: Spain v Austria | C23: 46205 | D23: 19:00:00Z | E23: Spain | F23: Austria | G23: Last 32
... A105: 4tcpns1nwyc0jtpucgzj9dp90 | B105: Mexico vs South Africa | C105: 46184 | D105: 19:00:00Z | E105: Mexico | F105: South Africa | G105: G1

Sheet PickedPlayers
A1: Round | B1: Pick | C1: Manager | D1: Player | E1: player_id | F1: Nation | G1: Position | H1: Total | I1: Bonus | J1: G1 | K1: G2 | L1: G3 | M1: Last 32 | N1: Last 16 | O1: Quarter Final | P1: Semi Final | Q1: 3rd Place / Final
A2: 1 | B2: 1 | C2: Barlow | D2: K. Mbappé | E2: 5e9ilgrz3tzg9kd1gk3yvrahh | F2: =IF(D2="","",VLOOKUP(D2,SquadLists!C:E,2,FALSE)) -> France | G2: =IF(D2="","",VLOOKUP(D2,SquadLists!C:E,3,FALSE)) -> FWD
A3: 1 | B3: 2 | C3: Taylor | D3: H. Kane | E3: b9g4qurpll4wizajo95c406hh | F3: =IF(D3="","",VLOOKUP(D3,SquadLists!C:E,2,FALSE)) -> England | G3: =IF(D3="","",VLOOKUP(D3,SquadLists!C:E,3,FALSE)) -> FWD
A4: 1 | B4: 3 | C4: Ian | D4: Mikel Oyarzabal | E4: b45ryclny991bm7qosieyg1cl | F4: =IF(D4="","",VLOOKUP(D4,SquadLists!C:E,2,FALSE)) -> Spain | G4: =IF(D4="","",VLOOKUP(D4,SquadLists!C:E,3,FALSE)) -> FWD
A5: 1 | B5: 4 | C5: Will T | D5: Lamine Yamal | E5: abr79wsl0folgkyvl821ggs2c | F5: =IF(D5="","",VLOOKUP(D5,SquadLists!C:E,2,FALSE)) -> Spain | G5: =IF(D5="","",VLOOKUP(D5,SquadLists!C:E,3,FALSE)) -> FWD
A6: 1 | B6: 5 | C6: Joe | D6: O. Dembélé | E6: ckaqxlw257qzj8vjdumvwbaad | F6: =IF(D6="","",VLOOKUP(D6,SquadLists!C:E,2,FALSE)) -> France | G6: =IF(D6="","",VLOOKUP(D6,SquadLists!C:E,3,FALSE)) -> FWD
A7: 1 | B7: 6 | C7: Dan | D7: L. Messi | E7: c5ryhn04g9goikd0blmh83aol | F7: =IF(D7="","",VLOOKUP(D7,SquadLists!C:E,2,FALSE)) -> Argentina | G7: =IF(D7="","",VLOOKUP(D7,SquadLists!C:E,3,FALSE)) -> FWD
A8: 1 | B8: 7 | C8: Andy | D8: Bruno Fernandes | E8: 3vtjjrqof5z2tjj84ehadqc45 | F8: =IF(D8="","",VLOOKUP(D8,SquadLists!C:E,2,FALSE)) -> Portugal | G8: =IF(D8="","",VLOOKUP(D8,SquadLists!C:E,3,FALSE)) -> MID
A9: 1 | B9: 8 | C9: Will S | D9: Cristiano Ronaldo | E9: h17s3qts1dz1zqjw19jazzkl | F9: =IF(D9="","",VLOOKUP(D9,SquadLists!C:E,2,FALSE)) -> Portugal | G9: =IF(D9="","",VLOOKUP(D9,SquadLists!C:E,3,FALSE)) -> FWD
A10: 2 | B10: 9 | C10: Will S | D10: K. Havertz | E10: ed20ebhqi5c32vbbsze8r6yuh | F10: =IF(D10="","",VLOOKUP(D10,SquadLists!C:E,2,FALSE)) -> Germany | G10: =IF(D10="","",VLOOKUP(D10,SquadLists!C:E,3,FALSE)) -> FWD
A11: 2 | B11: 10 | C11: Andy | D11: J. Alvarez | E11: 9ikkuxd19avliz1khcrm82gyy | F11: =IF(D11="","",VLOOKUP(D11,SquadLists!C:E,2,FALSE)) -> Argentina | G11: =IF(D11="","",VLOOKUP(D11,SquadLists!C:E,3,FALSE)) -> FWD
A12: 2 | B12: 11 | C12: Dan | D12: Raphinha | E12: 2wl6h1rlrfnn2mr65vuo3t815 | F12: =IF(D12="","",VLOOKUP(D12,SquadLists!C:E,2,FALSE)) -> Brazil | G12: =IF(D12="","",VLOOKUP(D12,SquadLists!C:E,3,FALSE)) -> FWD
A13: 2 | B13: 12 | C13: Joe | D13: Vinícius Júnior | E13: b4witgokm49tidm1a83qcvbop | F13: =IF(D13="","",VLOOKUP(D13,SquadLists!C:E,2,FALSE)) -> Brazil | G13: =IF(D13="","",VLOOKUP(D13,SquadLists!C:E,3,FALSE)) -> FWD
... A137: 17 | B137: 136 | C137: Dan | D137: F. Medina | E137: br7zigajqee6fms35zhm1sb8p | F137: =IF(D137="","",VLOOKUP(D137,SquadLists!C:E,2,FALSE)) -> Argentina | G137: =IF(D137="","",VLOOKUP(D137,SquadLists!C:E,3,FALSE)) -> DEF
A138: 18 | B138: 137 | F138: =IF(D138="","",VLOOKUP(D138,SquadLists!C:E,2,FALSE)) | G138: =IF(D138="","",VLOOKUP(D138,SquadLists!C:E,3,FALSE))
A139: 18 | B139: 138 | F139: =IF(D139="","",VLOOKUP(D139,SquadLists!C:E,2,FALSE)) | G139: =IF(D139="","",VLOOKUP(D139,SquadLists!C:E,3,FALSE))
A140: 18 | B140: 139 | F140: =IF(D140="","",VLOOKUP(D140,SquadLists!C:E,2,FALSE)) | G140: =IF(D140="","",VLOOKUP(D140,SquadLists!C:E,3,FALSE))
A141: 18 | B141: 140 | F141: =IF(D141="","",VLOOKUP(D141,SquadLists!C:E,2,FALSE)) | G141: =IF(D141="","",VLOOKUP(D141,SquadLists!C:E,3,FALSE))
A142: 18 | B142: 141 | F142: =IF(D142="","",VLOOKUP(D142,SquadLists!C:E,2,FALSE)) | G142: =IF(D142="","",VLOOKUP(D142,SquadLists!C:E,3,FALSE))
A143: 18 | B143: 142 | F143: =IF(D143="","",VLOOKUP(D143,SquadLists!C:E,2,FALSE)) | G143: =IF(D143="","",VLOOKUP(D143,SquadLists!C:E,3,FALSE))
A144: 18 | B144: 143 | F144: =IF(D144="","",VLOOKUP(D144,SquadLists!C:E,2,FALSE)) | G144: =IF(D144="","",VLOOKUP(D144,SquadLists!C:E,3,FALSE))
A145: 18 | B145: 144 | F145: =IF(D145="","",VLOOKUP(D145,SquadLists!C:E,2,FALSE)) | G145: =IF(D145="","",VLOOKUP(D145,SquadLists!C:E,3,FALSE))

Sheet OriginalPaste
A1: Goalkeeper | E1: =A1 -> Goalkeeper
A2: Goalkeeper | B2: Melvin Feyçal Mastil | C2: M. Mastil | D2: Algeria | E2: =A2 -> Goalkeeper | F2: Luca Zinedine Zidane Fernández | G2: L. Zidane | H2: Algeria
A3: Goalkeeper | B3: Oussama Benbot | C3: O. Benbot | D3: Algeria | E3: =A3 -> Goalkeeper
A4: Defender | E4: =A4 -> Defender
A5: Defender | B5: Aïssa Mandi | C5: A. Mandi | D5: Algeria | E5: =A5 -> Defender | F5: Rayan Aït-Nouri | G5: R. Aït-Nouri | H5: Algeria
A6: Defender | B6: Achref Abada | C6: A. Abada | D6: Algeria | E6: =A6 -> Defender | F6: Rafik Belghali | G6: R. Belghali | H6: Algeria
A7: Defender | B7: Mohamed Amine Tougai | C7: M. Tougai | D7: Algeria | E7: =A7 -> Defender | F7: Amir Selmane Ramy Bensebaini | G7: R. Bensebaini | H7: Algeria
A8: Defender | B8: Zineddine Belaïd | C8: Z. Belaïd | D8: Algeria | E8: =A8 -> Defender | F8: Samir Sophian Chergui | G8: S. Chergui | H8: Algeria
A9: Defender | B9: Jaouen Djimmy Hadjam | C9: J. Hadjam | D9: Algeria | E9: =A9 -> Defender
A10: Midfielder | E10: =A10 -> Midfielder
A11: Midfielder | B11: Ramiz Larbi Zerrouki | C11: R. Zerrouki | D11: Algeria | E11: =A11 -> Midfielder | F11: Nabil Bentaleb | G11: N. Bentaleb | H11: Algeria
A12: Midfielder | B12: Houssem-Eddine Chaâbane Aouar | C12: H. Aouar | D12: Algeria | E12: =A12 -> Midfielder | F12: Ibrahim Maza | G12: I. Maza | H12: Algeria
A13: Midfielder | B13: Farès Chaïbi | C13: F. Chaïbi | D13: Algeria | E13: =A13 -> Midfielder | F13: Yacine Mohammed El Ghazali Titraoui | G13: Y. Titraoui | H13: Algeria
A14: Midfielder | B14: Hicham Boudaoui | C14: H. Boudaoui | D14: Algeria | E14: =A14 -> Midfielder
A15: Forward | E15: =A15 -> Forward
A16: Forward | B16: Riyad Karim Mahrez | C16: R. Mahrez | D16: Algeria | E16: =A16 -> Forward | F16: Mohammed El Amine Amoura | G16: M. Amoura | H16: Algeria
A17: Forward | B17: Amine Ferid Gouiri | C17: A. Gouiri | D17: Algeria | E17: =A17 -> Forward | F17: Adil Boulbina | G17: A. Boulbina | H17: Algeria
A18: Forward | B18: Anis Hadj Moussa | C18: A. Hadj Moussa | D18: Algeria | E18: =A18 -> Forward | F18: Farès Ghedjemis | G18: F. Ghedjemis | H18: Algeria
A19: Forward | B19: Ahmed Nadhir Benbouali | C19: N. Benbouali | D19: Algeria | E19: =A19 -> Forward
A20: Goalkeeper | E20: =A20 -> Goalkeeper
A21: Goalkeeper | B21: Juan Agustín Musso | C21: J. Musso | D21: Argentina | E21: =A21 -> Goalkeeper | F21: Emiliano Martínez | G21: E. Martínez | H21: Argentina
A22: Goalkeeper | B22: Gerónimo Rulli | C22: G. Rulli | D22: Argentina | E22: =A22 -> Goalkeeper
A23: Defender | E23: =A23 -> Defender
A24: Defender | B24: Nicolás Alejandro Tagliafico | C24: N. Tagliafico | D24: Argentina | E24: =A24 -> Defender | F24: Nicolás Hernán Gonzalo Otamendi | G24: N. Otamendi | H24: Argentina
A25: Defender | B25: Gonzalo Ariel Montiel | C25: G. Montiel | D25: Argentina | E25: =A25 -> Defender | F25: Facundo Axel Medina | G25: F. Medina | H25: Argentina
A26: Defender | B26: Lisandro Martínez | C26: Lisandro Martínez | D26: Argentina | E26: =A26 -> Defender | F26: Nahuel Molina Lucero | G26: N. Molina | H26: Argentina
A27: Defender | B27: Cristian Gabriel Romero | C27: C. Romero | D27: Argentina | E27: =A27 -> Defender
A28: Midfielder | E28: =A28 -> Midfielder
A29: Midfielder | B29: Leandro Daniel Paredes | C29: L. Paredes | D29: Argentina | E29: =A29 -> Midfielder | F29: Exequiel Alejandro Palacios | G29: E. Palacios | H29: Argentina
A30: Midfielder | B30: Rodrigo Javier De Paul | C30: R. De Paul | D30: Argentina | E30: =A30 -> Midfielder | F30: Thiago Ezequiel Almada | G30: T. Almada | H30: Argentina
A31: Midfielder | B31: Valentín Barco | C31: V. Barco | D31: Argentina | E31: =A31 -> Midfielder | F31: Alexis Mac Allister | G31: A. Mac Allister | H31: Argentina
A32: Midfielder | B32: Giovani Lo Celso | C32: G. Lo Celso | D32: Argentina | E32: =A32 -> Midfielder | F32: Enzo Jeremías Fernández | G32: E. Fernández | H32: Argentina
A33: Forward | E33: =A33 -> Forward
A34: Forward | B34: Julián Alvarez | C34: J. Alvarez | D34: Argentina | E34: =A34 -> Forward | F34: Nicolás Paz Martínez | G34: N. Paz | H34: Argentina
A35: Forward | B35: Lionel Andrés Messi Cuccittini | C35: L. Messi | D35: Argentina | E35: =A35 -> Forward | F35: José Manuel Alberto López | G35: J. López | H35: Argentina
A36: Forward | B36: Nicolás Iván González | C36: N. González | D36: Argentina | E36: =A36 -> Forward | F36: Lautaro Martínez | G36: Lautaro Martínez | H36: Argentina
A37: Forward | B37: Giuliano Simeone Baldini | C37: G. Simeone | D37: Argentina | E37: =A37 -> Forward
A38: Goalkeeper | E38: =A38 -> Goalkeeper
A39: Goalkeeper | B39: Mathew David Ryan | C39: M. Ryan | D39: Australia | E39: =A39 -> Goalkeeper | F39: Patrick Thomas Beach | G39: P. Beach | H39: Australia
A40: Goalkeeper | B40: Paul David Izzo | C40: P. Izzo | D40: Australia | E40: =A40 -> Goalkeeper
A41: Defender | E41: =A41 -> Defender
A42: Defender | B42: Miloš Degenek | C42: M. Degenek | D42: Australia | E42: =A42 -> Defender | F42: Kai Clifton Trewin | G42: K. Trewin | H42: Australia
A43: Defender | B43: Alessandro Circati | C43: A. Circati | D43: Australia | E43: =A43 -> Defender | F43: Aziz Eraltay Behich | G43: A. Behich | H43: Australia
A44: Defender | B44: Jacob Michael Italiano | C44: J. Italiano | D44: Australia | E44: =A44 -> Defender | F44: Harry James Souttar | G44: H. Souttar | H44: Australia
A45: Defender | B45: Jordan Jacob Bos | C45: J. Bos | D45: Australia | E45: =A45 -> Defender | F45: Cameron Robert Burgess | G45: C. Burgess | H45: Australia
A46: Defender | B46: Jason Kato Geria | C46: J. Geria | D46: Australia | E46: =A46 -> Defender | F46: Lucas Herrington | G46: L. Herrington | H46: Australia
A47: Midfielder | E47: =A47 -> Midfielder
A48: Midfielder | B48: Connor Isaac Metcalfe | C48: C. Metcalfe | D48: Australia | E48: =A48 -> Midfielder | F48: Cameron Peter Devlin | G48: C. Devlin | H48: Australia
A49: Midfielder | B49: Ajdin Hrustić | C49: A. Hrustić | D49: Australia | E49: =A49 -> Midfielder | F49: Cristian Volpato | G49: C. Volpato | H49: Australia
A50: Midfielder | B50: Awer Bul Mabil | C50: A. Mabil | D50: Australia | E50: =A50 -> Midfielder | F50: Jackson Alexander Irvine | G50: J. Irvine | H50: Australia
A51: Midfielder | B51: Aiden Connor O'Neill | C51: A. O'Neill | D51: Australia | E51: =A51 -> Midfielder | F51: Paul Michael Junior Okon-Engstler | G51: P. Okon-Engstler | H51: Australia
A52: Forward | E52: =A52 -> Forward
A53: Forward | B53: Mathew Allan Leckie | C53: M. Leckie | D53: Australia | E53: =A53 -> Forward | F53: Nishan Matthew Velupillay | G53: N. Velupillay | H53: Australia
A54: Forward | B54: Mohamed Touré | C54: M. Touré | D54: Australia | E54: =A54 -> Forward | F54: Tete Owen Yengi | G54: T. Yengi | H54: Australia
A55: Forward | B55: Nestory Irankunda | C55: N. Irankunda | D55: Australia | E55: =A55 -> Forward
A56: Goalkeeper | E56: =A56 -> Goalkeeper
A57: Goalkeeper | B57: Alexander Schlager | C57: A. Schlager | D57: Austria | E57: =A57 -> Goalkeeper | F57: Patrick Pentz | G57: P. Pentz | H57: Austria
A58: Goalkeeper | B58: Florian Wiegele | C58: F. Wiegele | D58: Austria | E58: =A58 -> Goalkeeper
A59: Defender | E59: =A59 -> Defender
A60: Defender | B60: David Leopold Affengruber | C60: D. Affengruber | D60: Austria | E60: =A60 -> Defender | F60: Phillipp Mwene | G60: P. Mwene | H60: Austria
A61: Defender | B61: Kevin Danso | C61: K. Danso | D61: Austria | E61: =A61 -> Defender | F61: Alexander Prass | G61: A. Prass | H61: Austria
A62: Defender | B62: Stefan Posch | C62: S. Posch | D62: Austria | E62: =A62 -> Defender | F62: Marco Friedl | G62: M. Friedl | H62: Austria
A63: Defender | B63: David Olatukunbo Alaba | C63: D. Alaba | D63: Austria | E63: =A63 -> Defender | F63: Michael Svoboda | G63: M. Svoboda | H63: Austria
A64: Defender | B64: Philipp Lienhart | C64: P. Lienhart | D64: Austria | E64: =A64 -> Defender
A65: Midfielder | E65: =A65 -> Midfielder
A66: Midfielder | B66: Xaver Schlager | C66: X. Schlager | D66: Austria | E66: =A66 -> Midfielder | F66: Romano Christian Schmid | G66: R. Schmid | H66: Austria
A67: Midfielder | B67: Nicolas Seiwald | C67: N. Seiwald | D67: Austria | E67: =A67 -> Midfielder | F67: Konrad Laimer | G67: K. Laimer | H67: Austria
A68: Midfielder | B68: Marcel Sabitzer | C68: M. Sabitzer | D68: Austria | E68: =A68 -> Midfielder | F68: Patrick Wimmer | G68: P. Wimmer | H68: Austria
A69: Midfielder | B69: Florian Grillitsch | C69: F. Grillitsch | D69: Austria | E69: =A69 -> Midfielder | F69: Paul Wanner | G69: P. Wanner | H69: Austria
A70: Midfielder | B70: Carney Chibueze Chukwuemeka | C70: C. Chukwuemeka | D70: Austria | E70: =A70 -> Midfielder | F70: Alessandro André Schöpf | G70: A. Schöpf | H70: Austria
A71: Forward | E71: =A71 -> Forward
A72: Forward | B72: Marko Arnautović | C72: M. Arnautović | D72: Austria | E72: =A72 -> Forward | F72: Saša Kalajdžić | G72: S. Kalajdžić | H72: Austria
A73: Forward | B73: Michael Gregoritsch | C73: M. Gregoritsch | D73: Austria | E73: =A73 -> Forward
A74: Goalkeeper | E74: =A74 -> Goalkeeper
A75: Goalkeeper | B75: Thibaut Nicolas Marc Courtois | C75: T. Courtois | D75: Belgium | E75: =A75 -> Goalkeeper | F75: Mike Louis Penders | G75: M. Penders | H75: Belgium
A76: Goalkeeper | B76: Senne Lammens | C76: S. Lammens | D76: Belgium | E76: =A76 -> Goalkeeper
A77: Defender | E77: =A77 -> Defender
A78: Defender | B78: Zeno Koen Debast | C78: Z. Debast | D78: Belgium | E78: =A78 -> Defender | F78: Koni De Winter | G78: K. De Winter | H78: Belgium
A79: Defender | B79: Arthur Nicolas R. Theate | C79: A. Theate | D79: Belgium | E79: =A79 -> Defender | F79: Joaquin Ronny Seys | G79: J. Seys | H79: Belgium
A80: Defender | B80: Brandon Erik Mechele | C80: B. Mechele | D80: Belgium | E80: =A80 -> Defender | F80: Timothy Castagne | G80: T. Castagne | H80: Belgium
A81: Defender | B81: Maxim Peter De Cuyper | C81: M. De Cuyper | D81: Belgium | E81: =A81 -> Defender | F81: Nathan Ngoy | G81: N. Ngoy | H81: Belgium
A82: Defender | B82: Thomas André A. Meunier | C82: T. Meunier | D82: Belgium | E82: =A82 -> Defender
A83: Midfielder | E83: =A83 -> Midfielder
A84: Midfielder | B84: Axel Laurent Angel Lambert Witsel | C84: A. Witsel | D84: Belgium | E84: =A84 -> Midfielder | F84: Hans Vanaken | G84: H. Vanaken | H84: Belgium
A85: Midfielder | B85: Kevin De Bruyne | C85: K. De Bruyne | D85: Belgium | E85: =A85 -> Midfielder | F85: Nicolas Thierry Raskin | G85: N. Raskin | H85: Belgium
A86: Midfielder | B86: Youri Marion A. Tielemans | C86: Y. Tielemans | D86: Belgium | E86: =A86 -> Midfielder | F86: Amadou Ba Zeund Georges Mvom Onana | G86: A. Onana | H86: Belgium
A87: Forward | E87: =A87 -> Forward
A88: Forward | B88: Romelu Menama Lukaku Bolingoli | C88: R. Lukaku | D88: Belgium | E88: =A88 -> Forward | F88: Charles Marc S. De Ketelaere | G88: C. De Ketelaere | H88: Belgium
A89: Forward | B89: Leandro Trossard | C89: L. Trossard | D89: Belgium | E89: =A89 -> Forward | F89: Diego Manuel Jadon da Silva Moreira | G89: D. Moreira | H89: Belgium
A90: Forward | B90: Jérémy Baffour Doku | C90: J. Doku | D90: Belgium | E90: =A90 -> Forward | F90: Alexis Jesse M. Saelemaekers | G90: A. Saelemaekers | H90: Belgium
A91: Forward | B91: Dodi Lukébakio Ngandoli | C91: D. Lukébakio | D91: Belgium | E91: =A91 -> Forward | F91: Matias Fernandez-Pardo | G91: M. Fernandez-Pardo | H91: Belgium
A92: Goalkeeper | E92: =A92 -> Goalkeeper
A93: Goalkeeper | B93: Nikola Vasilj | C93: N. Vasilj | D93: Bosnia and Herzegovina | E93: =A93 -> Goalkeeper | F93: Martin Zlomislić | G93: M. Zlomislić | H93: Bosnia and Herzegovina
A94: Goalkeeper | B94: Mladen Jurkas | C94: M. Jurkas | D94: Bosnia and Herzegovina | E94: =A94 -> Goalkeeper
A95: Defender | E95: =A95 -> Defender
A96: Defender | B96: Nihad Mujakić | C96: N. Mujakić | D96: Bosnia and Herzegovina | E96: =A96 -> Defender | F96: Amar Dedić | G96: A. Dedić | H96: Bosnia and Herzegovina
A97: Defender | B97: Dennis Hadžikadunić | C97: D. Hadžikadunić | D97: Bosnia and Herzegovina | E97: =A97 -> Defender | F97: Nikola Katić | G97: N. Katić | H97: Bosnia and Herzegovina
A98: Defender | B98: Tarik Muharemović | C98: T. Muharemović | D98: Bosnia and Herzegovina | E98: =A98 -> Defender | F98: Stjepan Radeljić | G98: S. Radeljić | H98: Bosnia and Herzegovina
A99: Defender | B99: Sead Kolašinac | C99: S. Kolašinac | D99: Bosnia and Herzegovina | E99: =A99 -> Defender | F99: Nidal Čelik | G99: N. Čelik | H99: Bosnia and Herzegovina
A100: Midfielder | E100: =A100 -> Midfielder
...

Sheet Teams
B2: Barlow | F2: Taylor | J2: Ian | N2: Will T
B3: Player | C3: Pos | D3: Nationality | F3: Player | G3: Pos | H3: Nationality | J3: Player | K3: Pos | L3: Nationality | N3: Player | O3: Pos | P3: Nationality
B4: K. Mbappé | C4: =VLOOKUP(B4,PickedPlayers!D:G,4,FALSE) -> FWD | D4: =VLOOKUP(B4,PickedPlayers!D:G,3,FALSE) -> France | F4: H. Kane | G4: =VLOOKUP(F4,PickedPlayers!D:G,4,FALSE) -> FWD | H4: =VLOOKUP(F4,PickedPlayers!D:G,3,FALSE) -> England | J4: Mikel Oyarzabal | K4: =VLOOKUP(J4,PickedPlayers!D:G,4,FALSE) -> FWD | L4: =VLOOKUP(J4,PickedPlayers!D:G,3,FALSE) -> Spain | N4: Lamine Yamal | O4: =VLOOKUP(N4,PickedPlayers!D:G,4,FALSE) -> FWD | P4: =VLOOKUP(N4,PickedPlayers!D:G,3,FALSE) -> Spain
B5: J. Bellingham | C5: =VLOOKUP(B5,PickedPlayers!D:G,4,FALSE) -> MID | D5: =VLOOKUP(B5,PickedPlayers!D:G,3,FALSE) -> England | F5: S. McTominay | G5: =VLOOKUP(F5,PickedPlayers!D:G,4,FALSE) -> MID | H5: =VLOOKUP(F5,PickedPlayers!D:G,3,FALSE) -> Scotland | J5: M. Olise | K5: =VLOOKUP(J5,PickedPlayers!D:G,4,FALSE) -> MID | L5: =VLOOKUP(J5,PickedPlayers!D:G,3,FALSE) -> France | N5: E. Haaland | O5: =VLOOKUP(N5,PickedPlayers!D:G,4,FALSE) -> FWD | P5: =VLOOKUP(N5,PickedPlayers!D:G,3,FALSE) -> Norway
B6: K. De Bruyne | C6: =VLOOKUP(B6,PickedPlayers!D:G,4,FALSE) -> MID | D6: =VLOOKUP(B6,PickedPlayers!D:G,3,FALSE) -> Belgium | F6: J. Doku | G6: =VLOOKUP(F6,PickedPlayers!D:G,4,FALSE) -> FWD | H6: =VLOOKUP(F6,PickedPlayers!D:G,3,FALSE) -> Belgium | J6: F. Wirtz | K6: =VLOOKUP(J6,PickedPlayers!D:G,4,FALSE) -> MID | L6: =VLOOKUP(J6,PickedPlayers!D:G,3,FALSE) -> Germany | N6: E. Fernández | O6: =VLOOKUP(N6,PickedPlayers!D:G,4,FALSE) -> MID | P6: =VLOOKUP(N6,PickedPlayers!D:G,3,FALSE) -> Argentina
B7: T. Hernández | C7: =VLOOKUP(B7,PickedPlayers!D:G,4,FALSE) -> DEF | D7: =VLOOKUP(B7,PickedPlayers!D:G,3,FALSE) -> France | F7: J. Pickford | G7: =VLOOKUP(F7,PickedPlayers!D:G,4,FALSE) -> GK | H7: =VLOOKUP(F7,PickedPlayers!D:G,3,FALSE) -> England | J7: A. Hakimi | K7: =VLOOKUP(J7,PickedPlayers!D:G,4,FALSE) -> DEF | L7: =VLOOKUP(J7,PickedPlayers!D:G,3,FALSE) -> Morocco | N7: Pedri | O7: =VLOOKUP(N7,PickedPlayers!D:G,4,FALSE) -> MID | P7: =VLOOKUP(N7,PickedPlayers!D:G,3,FALSE) -> Spain
B8: João Cancelo | C8: =VLOOKUP(B8,PickedPlayers!D:G,4,FALSE) -> DEF | D8: =VLOOKUP(B8,PickedPlayers!D:G,3,FALSE) -> Portugal | F8: Nico Williams | G8: =VLOOKUP(F8,PickedPlayers!D:G,4,FALSE) -> FWD | H8: =VLOOKUP(F8,PickedPlayers!D:G,3,FALSE) -> Spain | J8: Unai Simón | K8: =VLOOKUP(J8,PickedPlayers!D:G,4,FALSE) -> GK | L8: =VLOOKUP(J8,PickedPlayers!D:G,3,FALSE) -> Spain | N8: N. O'Reilly | O8: =VLOOKUP(N8,PickedPlayers!D:G,4,FALSE) -> DEF | P8: =VLOOKUP(N8,PickedPlayers!D:G,3,FALSE) -> England
B9: Lautaro Martínez | C9: =VLOOKUP(B9,PickedPlayers!D:G,4,FALSE) -> FWD | D9: =VLOOKUP(B9,PickedPlayers!D:G,3,FALSE) -> Argentina | F9: W. Saliba | G9: =VLOOKUP(F9,PickedPlayers!D:G,4,FALSE) -> DEF | H9: =VLOOKUP(F9,PickedPlayers!D:G,3,FALSE) -> France | J9: Marc Cucurella | K9: =VLOOKUP(J9,PickedPlayers!D:G,4,FALSE) -> DEF | L9: =VLOOKUP(J9,PickedPlayers!D:G,3,FALSE) -> Spain | N9: Alisson Becker | O9: =VLOOKUP(N9,PickedPlayers!D:G,4,FALSE) -> GK | P9: =VLOOKUP(N9,PickedPlayers!D:G,3,FALSE) -> Brazil
B10: F. Valverde | C10: =VLOOKUP(B10,PickedPlayers!D:G,4,FALSE) -> MID | D10: =VLOOKUP(B10,PickedPlayers!D:G,3,FALSE) -> Uruguay | F10: C. Pulisic | G10: =VLOOKUP(F10,PickedPlayers!D:G,4,FALSE) -> MID | H10: =VLOOKUP(F10,PickedPlayers!D:G,3,FALSE) -> USA | J10: V. Gyökeres | K10: =VLOOKUP(J10,PickedPlayers!D:G,4,FALSE) -> FWD | L10: =VLOOKUP(J10,PickedPlayers!D:G,3,FALSE) -> Sweden | N10: D. Raum | O10: =VLOOKUP(N10,PickedPlayers!D:G,4,FALSE) -> DEF | P10: =VLOOKUP(N10,PickedPlayers!D:G,3,FALSE) -> Germany
B11: Alejandro Grimaldo | C11: =VLOOKUP(B11,PickedPlayers!D:G,4,FALSE) -> DEF | D11: =VLOOKUP(B11,PickedPlayers!D:G,3,FALSE) -> Spain | F11: Matheus Cunha | G11: =VLOOKUP(F11,PickedPlayers!D:G,4,FALSE) -> FWD | H11: =VLOOKUP(F11,PickedPlayers!D:G,3,FALSE) -> Brazil | J11: J. Gvardiol | K11: =VLOOKUP(J11,PickedPlayers!D:G,4,FALSE) -> DEF | L11: =VLOOKUP(J11,PickedPlayers!D:G,3,FALSE) -> Croatia | N11: E. Anderson | O11: =VLOOKUP(N11,PickedPlayers!D:G,4,FALSE) -> MID | P11: =VLOOKUP(N11,PickedPlayers!D:G,3,FALSE) -> England
B12: D. Núñez | C12: =VLOOKUP(B12,PickedPlayers!D:G,4,FALSE) -> FWD | D12: =VLOOKUP(B12,PickedPlayers!D:G,3,FALSE) -> Uruguay | F12: M. Ødegaard | G12: =VLOOKUP(F12,PickedPlayers!D:G,4,FALSE) -> MID | H12: =VLOOKUP(F12,PickedPlayers!D:G,3,FALSE) -> Norway | J12: Bernardo Silva | K12: =VLOOKUP(J12,PickedPlayers!D:G,4,FALSE) -> MID | L12: =VLOOKUP(J12,PickedPlayers!D:G,3,FALSE) -> Portugal | N12: A. Tchouaméni | O12: =VLOOKUP(N12,PickedPlayers!D:G,4,FALSE) -> MID | P12: =VLOOKUP(N12,PickedPlayers!D:G,3,FALSE) -> France
B13: A. Rüdiger | C13: =VLOOKUP(B13,PickedPlayers!D:G,4,FALSE) -> DEF | D13: =VLOOKUP(B13,PickedPlayers!D:G,3,FALSE) -> Germany | F13: A. Güler | G13: =VLOOKUP(F13,PickedPlayers!D:G,4,FALSE) -> MID | H13: =VLOOKUP(F13,PickedPlayers!D:G,3,FALSE) -> Turkey | J13: Son Heung-Min | K13: =VLOOKUP(J13,PickedPlayers!D:G,4,FALSE) -> FWD | L13: =VLOOKUP(J13,PickedPlayers!D:G,3,FALSE) -> South Korea | N13: D. Ndoye | O13: =VLOOKUP(N13,PickedPlayers!D:G,4,FALSE) -> FWD | P13: =VLOOKUP(N13,PickedPlayers!D:G,3,FALSE) -> Switzerland
B14: J. Stones | C14: =VLOOKUP(B14,PickedPlayers!D:G,4,FALSE) -> DEF | D14: =VLOOKUP(B14,PickedPlayers!D:G,3,FALSE) -> England | F14: A. Robinson | G14: =VLOOKUP(F14,PickedPlayers!D:G,4,FALSE) -> DEF | H14: =VLOOKUP(F14,PickedPlayers!D:G,3,FALSE) -> USA | J14: R. James | K14: =VLOOKUP(J14,PickedPlayers!D:G,4,FALSE) -> DEF | L14: =VLOOKUP(J14,PickedPlayers!D:G,3,FALSE) -> England | N14: Marquinhos | O14: =VLOOKUP(N14,PickedPlayers!D:G,4,FALSE) -> DEF | P14: =VLOOKUP(N14,PickedPlayers!D:G,3,FALSE) -> Brazil
B15: L. Trossard | C15: =VLOOKUP(B15,PickedPlayers!D:G,4,FALSE) -> FWD | D15: =VLOOKUP(B15,PickedPlayers!D:G,3,FALSE) -> Belgium | F15: L. Vušković | G15: =VLOOKUP(F15,PickedPlayers!D:G,4,FALSE) -> DEF | H15: =VLOOKUP(F15,PickedPlayers!D:G,3,FALSE) -> Croatia | J15: M. van de Ven | K15: =VLOOKUP(J15,PickedPlayers!D:G,4,FALSE) -> DEF | L15: =VLOOKUP(J15,PickedPlayers!D:G,3,FALSE) -> Netherlands | N15: Rúben Dias | O15: =VLOOKUP(N15,PickedPlayers!D:G,4,FALSE) -> DEF | P15: =VLOOKUP(N15,PickedPlayers!D:G,3,FALSE) -> Portugal
... B19: Y. Bounou | C19: =VLOOKUP(B19,PickedPlayers!D:G,4,FALSE) -> GK | D19: =VLOOKUP(B19,PickedPlayers!D:G,3,FALSE) -> Morocco | F19: D. Muñoz | G19: =VLOOKUP(F19,PickedPlayers!D:G,4,FALSE) -> DEF | H19: =VLOOKUP(F19,PickedPlayers!D:G,3,FALSE) -> Colombia | J19: D. Livaković | K19: =VLOOKUP(J19,PickedPlayers!D:G,4,FALSE) -> GK | L19: =VLOOKUP(J19,PickedPlayers!D:G,3,FALSE) -> Croatia | N19: R. Mofokeng | O19: =VLOOKUP(N19,PickedPlayers!D:G,4,FALSE) -> FWD | P19: =VLOOKUP(N19,PickedPlayers!D:G,3,FALSE) -> South Africa
C21: Total | D21: Max | G21: Total | H21: Max | K21: Total | L21: Max | O21: Total | P21: Max
B22: GK | C22: =COUNTIF(C4:C19,"GK") -> 2 | D22: 2 | F22: GK | G22: =COUNTIF(G4:G19,"GK") -> 2 | H22: 2 | J22: GK | K22: =COUNTIF(K4:K19,"GK") -> 2 | L22: 2 | N22: GK | O22: =COUNTIF(O4:O19,"GK") -> 2 | P22: 2
B23: DEF | C23: =COUNTIF(C4:C19,"DEF") -> 5 | D23: 5 | F23: DEF | G23: =COUNTIF(G4:G19,"DEF") -> 5 | H23: 5 | J23: DEF | K23: =COUNTIF(K4:K19,"DEF") -> 5 | L23: 5 | N23: DEF | O23: =COUNTIF(O4:O19,"DEF") -> 5 | P23: 5
B24: MID | C24: =COUNTIF(C4:C19,"MID") -> 4 | D24: 5* | F24: MID | G24: =COUNTIF(G4:G19,"MID") -> 4 | H24: 5* | J24: MID | K24: =COUNTIF(K4:K19,"MID") -> 5 | L24: 5* | N24: MID | O24: =COUNTIF(O4:O19,"MID") -> 4 | P24: 5*
B25: FWD | C25: =COUNTIF(C4:C19,"FWD") -> 5 | D25: 5* | F25: FWD | G25: =COUNTIF(G4:G19,"FWD") -> 5 | H25: 5* | J25: FWD | K25: =COUNTIF(K4:K19,"FWD") -> 4 | L25: 5* | N25: FWD | O25: =COUNTIF(O4:O19,"FWD") -> 5 | P25: 5*
B27: Joe | F27: Dan | J27: Andy | N27: Will S
B28: Player | C28: Pos | D28: Nationality | F28: Player | G28: Pos | H28: Nationality | J28: Player | K28: Pos | L28: Nationality | N28: Player | O28: Pos | P28: Nationality
B29: O. Dembélé | C29: =VLOOKUP(B29,PickedPlayers!D:G,4,FALSE) -> FWD | D29: =VLOOKUP(B29,PickedPlayers!D:G,3,FALSE) -> France | F29: L. Messi | G29: =VLOOKUP(F29,PickedPlayers!D:G,4,FALSE) -> FWD | H29: =VLOOKUP(F29,PickedPlayers!D:G,3,FALSE) -> Argentina | J29: Bruno Fernandes | K29: =VLOOKUP(J29,PickedPlayers!D:G,4,FALSE) -> MID | L29: =VLOOKUP(J29,PickedPlayers!D:G,3,FALSE) -> Portugal | N29: Cristiano Ronaldo | O29: =VLOOKUP(N29,PickedPlayers!D:G,4,FALSE) -> FWD | P29: =VLOOKUP(N29,PickedPlayers!D:G,3,FALSE) -> Portugal
B30: Vinícius Júnior | C30: =VLOOKUP(B30,PickedPlayers!D:G,4,FALSE) -> FWD | D30: =VLOOKUP(B30,PickedPlayers!D:G,3,FALSE) -> Brazil | F30: Raphinha | G30: =VLOOKUP(F30,PickedPlayers!D:G,4,FALSE) -> FWD | H30: =VLOOKUP(F30,PickedPlayers!D:G,3,FALSE) -> Brazil | J30: J. Alvarez | K30: =VLOOKUP(J30,PickedPlayers!D:G,4,FALSE) -> FWD | L30: =VLOOKUP(J30,PickedPlayers!D:G,3,FALSE) -> Argentina | N30: K. Havertz | O30: =VLOOKUP(N30,PickedPlayers!D:G,4,FALSE) -> FWD | P30: =VLOOKUP(N30,PickedPlayers!D:G,3,FALSE) -> Germany
B31: Gabriel Magalhães | C31: =VLOOKUP(B31,PickedPlayers!D:G,4,FALSE) -> DEF | D31: =VLOOKUP(B31,PickedPlayers!D:G,3,FALSE) -> Brazil | F31: L. Sané | G31: =VLOOKUP(F31,PickedPlayers!D:G,4,FALSE) -> FWD | H31: =VLOOKUP(F31,PickedPlayers!D:G,3,FALSE) -> Germany | J31: B. Saka | K31: =VLOOKUP(J31,PickedPlayers!D:G,4,FALSE) -> FWD | L31: =VLOOKUP(J31,PickedPlayers!D:G,3,FALSE) -> England | N31: J. Musiala | O31: =VLOOKUP(N31,PickedPlayers!D:G,4,FALSE) -> MID | P31: =VLOOKUP(N31,PickedPlayers!D:G,3,FALSE) -> Germany
B32: T. Courtois | C32: =VLOOKUP(B32,PickedPlayers!D:G,4,FALSE) -> GK | D32: =VLOOKUP(B32,PickedPlayers!D:G,3,FALSE) -> Belgium | F32: J. Kimmich | G32: =VLOOKUP(F32,PickedPlayers!D:G,4,FALSE) -> MID | H32: =VLOOKUP(F32,PickedPlayers!D:G,3,FALSE) -> Germany | J32: E. Martínez | K32: =VLOOKUP(J32,PickedPlayers!D:G,4,FALSE) -> GK | L32: =VLOOKUP(J32,PickedPlayers!D:G,3,FALSE) -> Argentina | N32: R. Cherki | O32: =VLOOKUP(N32,PickedPlayers!D:G,4,FALSE) -> MID | P32: =VLOOKUP(N32,PickedPlayers!D:G,3,FALSE) -> France
B33: M. Guéhi | C33: =VLOOKUP(B33,PickedPlayers!D:G,4,FALSE) -> DEF | D33: =VLOOKUP(B33,PickedPlayers!D:G,3,FALSE) -> England | F33: D. Doué | G33: =VLOOKUP(F33,PickedPlayers!D:G,4,FALSE) -> FWD | H33: =VLOOKUP(F33,PickedPlayers!D:G,3,FALSE) -> France | J33: L. Díaz | K33: =VLOOKUP(J33,PickedPlayers!D:G,4,FALSE) -> FWD | L33: =VLOOKUP(J33,PickedPlayers!D:G,3,FALSE) -> Colombia | N33: J. Koundé | O33: =VLOOKUP(N33,PickedPlayers!D:G,4,FALSE) -> DEF | P33: =VLOOKUP(N33,PickedPlayers!D:G,3,FALSE) -> France
B34: Rafael Leão | C34: =VLOOKUP(B34,PickedPlayers!D:G,4,FALSE) -> FWD | D34: =VLOOKUP(B34,PickedPlayers!D:G,3,FALSE) -> Portugal | F34: M. Maignan | G34: =VLOOKUP(F34,PickedPlayers!D:G,4,FALSE) -> GK | H34: =VLOOKUP(F34,PickedPlayers!D:G,3,FALSE) -> France | J34: V. van Dijk | K34: =VLOOKUP(J34,PickedPlayers!D:G,4,FALSE) -> DEF | L34: =VLOOKUP(J34,PickedPlayers!D:G,3,FALSE) -> Netherlands | N34: Nuno Mendes | O34: =VLOOKUP(N34,PickedPlayers!D:G,4,FALSE) -> DEF | P34: =VLOOKUP(N34,PickedPlayers!D:G,3,FALSE) -> Portugal
B35: D. Rice | C35: =VLOOKUP(B35,PickedPlayers!D:G,4,FALSE) -> MID | D35: =VLOOKUP(B35,PickedPlayers!D:G,3,FALSE) -> England | F35: Aymeric Laporte | G35: =VLOOKUP(F35,PickedPlayers!D:G,4,FALSE) -> DEF | H35: =VLOOKUP(F35,PickedPlayers!D:G,3,FALSE) -> Spain | J35: Rodri | K35: =VLOOKUP(J35,PickedPlayers!D:G,4,FALSE) -> MID | L35: =VLOOKUP(J35,PickedPlayers!D:G,3,FALSE) -> Spain | N35: M. Neuer | O35: =VLOOKUP(N35,PickedPlayers!D:G,4,FALSE) -> GK | P35: =VLOOKUP(N35,PickedPlayers!D:G,3,FALSE) -> Germany
B36: Marcos Llorente | C36: =VLOOKUP(B36,PickedPlayers!D:G,4,FALSE) -> MID | D36: =VLOOKUP(B36,PickedPlayers!D:G,3,FALSE) -> Spain | F36: Bruno Guimarães | G36: =VLOOKUP(F36,PickedPlayers!D:G,4,FALSE) -> MID | H36: =VLOOKUP(F36,PickedPlayers!D:G,3,FALSE) -> Brazil | J36: Pedro Porro | K36: =VLOOKUP(J36,PickedPlayers!D:G,4,FALSE) -> DEF | L36: =VLOOKUP(J36,PickedPlayers!D:G,3,FALSE) -> Spain | N36: C. Gakpo | O36: =VLOOKUP(N36,PickedPlayers!D:G,4,FALSE) -> FWD | P36: =VLOOKUP(N36,PickedPlayers!D:G,3,FALSE) -> Netherlands
B37: Alex Sandro | C37: =VLOOKUP(B37,PickedPlayers!D:G,4,FALSE) -> DEF | D37: =VLOOKUP(B37,PickedPlayers!D:G,3,FALSE) -> Brazil | F37: N. Tagliafico | G37: =VLOOKUP(F37,PickedPlayers!D:G,4,FALSE) -> DEF | H37: =VLOOKUP(F37,PickedPlayers!D:G,3,FALSE) -> Argentina | J37: Mohamed Salah | K37: =VLOOKUP(J37,PickedPlayers!D:G,4,FALSE) -> FWD | L37: =VLOOKUP(J37,PickedPlayers!D:G,3,FALSE) -> Egypt | N37: A. Mac Allister | O37: =VLOOKUP(N37,PickedPlayers!D:G,4,FALSE) -> MID | P37: =VLOOKUP(N37,PickedPlayers!D:G,3,FALSE) -> Argentina
B38: B. Díaz | C38: =VLOOKUP(B38,PickedPlayers!D:G,4,FALSE) -> MID | D38: =VLOOKUP(B38,PickedPlayers!D:G,3,FALSE) -> Morocco | F38: João Neves | G38: =VLOOKUP(F38,PickedPlayers!D:G,4,FALSE) -> MID | H38: =VLOOKUP(F38,PickedPlayers!D:G,3,FALSE) -> Portugal | J38: M. De Cuyper | K38: =VLOOKUP(J38,PickedPlayers!D:G,4,FALSE) -> DEF | L38: =VLOOKUP(J38,PickedPlayers!D:G,3,FALSE) -> Belgium | N38: D. Dumfries | O38: =VLOOKUP(N38,PickedPlayers!D:G,4,FALSE) -> DEF | P38: =VLOOKUP(N38,PickedPlayers!D:G,3,FALSE) -> Netherlands
B39: S. Mané | C39: =VLOOKUP(B39,PickedPlayers!D:G,4,FALSE) -> FWD | D39: =VLOOKUP(B39,PickedPlayers!D:G,3,FALSE) -> Senegal | F39: Y. Tielemans | G39: =VLOOKUP(F39,PickedPlayers!D:G,4,FALSE) -> MID | H39: =VLOOKUP(F39,PickedPlayers!D:G,3,FALSE) -> Belgium | J39: E. Konsa | K39: =VLOOKUP(J39,PickedPlayers!D:G,4,FALSE) -> DEF | L39: =VLOOKUP(J39,PickedPlayers!D:G,3,FALSE) -> England | N39: C. Romero | O39: =VLOOKUP(N39,PickedPlayers!D:G,4,FALSE) -> DEF | P39: =VLOOKUP(N39,PickedPlayers!D:G,3,FALSE) -> Argentina
B40: D. Upamecano | C40: =VLOOKUP(B40,PickedPlayers!D:G,4,FALSE) -> DEF | D40: =VLOOKUP(B40,PickedPlayers!D:G,3,FALSE) -> France | F40: Diogo Costa | G40: =VLOOKUP(F40,PickedPlayers!D:G,4,FALSE) -> GK | H40: =VLOOKUP(F40,PickedPlayers!D:G,3,FALSE) -> Portugal | J40: F. de Jong | K40: =VLOOKUP(J40,PickedPlayers!D:G,4,FALSE) -> MID | L40: =VLOOKUP(J40,PickedPlayers!D:G,3,FALSE) -> Netherlands | N40: Pau Cubarsí | O40: =VLOOKUP(N40,PickedPlayers!D:G,4,FALSE) -> DEF | P40: =VLOOKUP(N40,PickedPlayers!D:G,3,FALSE) -> Spain
... B44: David Raya | C44: =VLOOKUP(B44,PickedPlayers!D:G,4,FALSE) -> GK | D44: =VLOOKUP(B44,PickedPlayers!D:G,3,FALSE) -> Spain | F44: Danilo | G44: =VLOOKUP(F44,PickedPlayers!D:G,4,FALSE) -> DEF | H44: =VLOOKUP(F44,PickedPlayers!D:G,3,FALSE) -> Brazil | J44: I. Sangaré | K44: =VLOOKUP(J44,PickedPlayers!D:G,4,FALSE) -> MID | L44: =VLOOKUP(J44,PickedPlayers!D:G,3,FALSE) -> Ivory Coast | N44: R. Lukaku | O44: =VLOOKUP(N44,PickedPlayers!D:G,4,FALSE) -> FWD | P44: =VLOOKUP(N44,PickedPlayers!D:G,3,FALSE) -> Belgium
C46: Total | D46: Max | G46: Total | H46: Max | K46: Total | L46: Max | O46: Total | P46: Max
B47: GK | C47: =COUNTIF(C29:C44,"GK") -> 2 | D47: 2 | F47: GK | G47: =COUNTIF(G29:G44,"GK") -> 2 | H47: 2 | J47: GK | K47: =COUNTIF(K29:K44,"GK") -> 2 | L47: 2 | N47: GK | O47: =COUNTIF(O29:O44,"GK") -> 2 | P47: 2
B48: DEF | C48: =COUNTIF(C29:C44,"DEF") -> 5 | D48: 5 | F48: DEF | G48: =COUNTIF(G29:G44,"DEF") -> 5 | H48: 5 | J48: DEF | K48: =COUNTIF(K29:K44,"DEF") -> 5 | L48: 5 | N48: DEF | O48: =COUNTIF(O29:O44,"DEF") -> 5 | P48: 5
B49: MID | C49: =COUNTIF(C29:C44,"MID") -> 4 | D49: 5* | F49: MID | G49: =COUNTIF(G29:G44,"MID") -> 4 | H49: 5* | J49: MID | K49: =COUNTIF(K29:K44,"MID") -> 4 | L49: 5* | N49: MID | O49: =COUNTIF(O29:O44,"MID") -> 4 | P49: 5*
B50: FWD | C50: =COUNTIF(C29:C44,"FWD") -> 5 | D50: 5* | F50: FWD | G50: =COUNTIF(G29:G44,"FWD") -> 5 | H50: 5* | J50: FWD | K50: =COUNTIF(K29:K44,"FWD") -> 5 | L50: 5* | N50: FWD | O50: =COUNTIF(O29:O44,"FWD") -> 5 | P50: 5*

Sheet Barlow
A1: 1 Captain 1 Sub | D1: Group (1) | G1: Group (2) | J1: Group (3) | M1: Last 32 | P1: Last 16 | S1: Quarter Final | V1: Semi Final | Y1: 3rd Place / Final
A2: Position | B2: Player | C2: Nationality | D2: Opposition | E2: Selection | F2: Points | G2: Opposition | H2: Selection | I2: Points | J2: Opposition | K2: Selection | L2: Points | M2: Opposition | N2: Selection | O2: Points | P2: Opposition | Q2: Selection | R2: Points | S2: Opposition | T2: Selection | U2: Points | V2: Opposition | W2: Selection | X2: Points | Y2: Opposition | Z2: Selection | AA2: Points
A3: GK | B3: Ederson | C3: Brazil | D3: =VLOOKUP($C3,Fixtures!A:I,2,FALSE) -> MOR | E3: Subbed Off | F3: =VLOOKUP($B3,PickedPlayers!D:Q,7,FALSE) -> 0 | G3: =VLOOKUP($C3,Fixtures!A:I,3,FALSE) -> HAI | H3: Sub GK | I3: =VLOOKUP($B3,PickedPlayers!D:Q,8,FALSE) -> 0 | J3: =VLOOKUP($C3,Fixtures!A:I,4,FALSE) -> SCO | K3: Sub GK | L3: =VLOOKUP($B3,PickedPlayers!D:Q,9,FALSE) -> 0 | M3: =VLOOKUP($C3,Fixtures!A:I,5,FALSE) -> JAP | N3: Sub GK | O3: =VLOOKUP($B3,PickedPlayers!D:Q,10,FALSE) -> 0 | P3: =VLOOKUP($C3,Fixtures!A:I,6,FALSE) -> NOR | R3: =VLOOKUP($B3,PickedPlayers!D:Q,11,FALSE) -> 0 | S3: =VLOOKUP($C3,Fixtures!A:I,7,FALSE) -> TBC | U3: =VLOOKUP($B3,PickedPlayers!D:Q,12,FALSE) -> 0 | V3: =VLOOKUP($C3,Fixtures!A:I,8,FALSE) -> TBC | X3: =VLOOKUP($B3,PickedPlayers!D:Q,13,FALSE) -> 0 | Y3: =VLOOKUP($C3,Fixtures!A:I,9,FALSE) -> TBC | AA3: =VLOOKUP($B3,PickedPlayers!D:Q,14,FALSE) -> 0
A4: GK | B4: Y. Bounou | C4: Morocco | D4: =VLOOKUP($C4,Fixtures!A:I,2,FALSE) -> BRA | E4: Picked | F4: =VLOOKUP($B4,PickedPlayers!D:Q,7,FALSE) -> 0 | G4: =VLOOKUP($C4,Fixtures!A:I,3,FALSE) -> SCO | H4: Picked | I4: =VLOOKUP($B4,PickedPlayers!D:Q,8,FALSE) -> 0 | J4: =VLOOKUP($C4,Fixtures!A:I,4,FALSE) -> HAI | K4: Picked | L4: =VLOOKUP($B4,PickedPlayers!D:Q,9,FALSE) -> 0 | M4: =VLOOKUP($C4,Fixtures!A:I,5,FALSE) -> NED | N4: Picked | O4: =VLOOKUP($B4,PickedPlayers!D:Q,10,FALSE) -> 0 | P4: =VLOOKUP($C4,Fixtures!A:I,6,FALSE) -> CAN | R4: =VLOOKUP($B4,PickedPlayers!D:Q,11,FALSE) -> 0 | S4: =VLOOKUP($C4,Fixtures!A:I,7,FALSE) -> TBC | U4: =VLOOKUP($B4,PickedPlayers!D:Q,12,FALSE) -> 0 | V4: =VLOOKUP($C4,Fixtures!A:I,8,FALSE) -> TBC | X4: =VLOOKUP($B4,PickedPlayers!D:Q,13,FALSE) -> 0 | Y4: =VLOOKUP($C4,Fixtures!A:I,9,FALSE) -> TBC | AA4: =VLOOKUP($B4,PickedPlayers!D:Q,14,FALSE) -> 0
A5: DEF | B5: T. Hernández | C5: France | D5: =VLOOKUP($C5,Fixtures!A:I,2,FALSE) -> SEN | E5: Picked | F5: =VLOOKUP($B5,PickedPlayers!D:Q,7,FALSE) -> 0 | G5: =VLOOKUP($C5,Fixtures!A:I,3,FALSE) -> IRQ | H5: Picked | I5: =VLOOKUP($B5,PickedPlayers!D:Q,8,FALSE) -> 0 | J5: =VLOOKUP($C5,Fixtures!A:I,4,FALSE) -> NOR | K5: Picked | L5: =VLOOKUP($B5,PickedPlayers!D:Q,9,FALSE) -> 0 | M5: =VLOOKUP($C5,Fixtures!A:I,5,FALSE) -> SWE | N5: Picked | O5: =VLOOKUP($B5,PickedPlayers!D:Q,10,FALSE) -> 0 | P5: =VLOOKUP($C5,Fixtures!A:I,6,FALSE) -> PAR | R5: =VLOOKUP($B5,PickedPlayers!D:Q,11,FALSE) -> 0 | S5: =VLOOKUP($C5,Fixtures!A:I,7,FALSE) -> TBC | U5: =VLOOKUP($B5,PickedPlayers!D:Q,12,FALSE) -> 0 | V5: =VLOOKUP($C5,Fixtures!A:I,8,FALSE) -> TBC | X5: =VLOOKUP($B5,PickedPlayers!D:Q,13,FALSE) -> 0 | Y5: =VLOOKUP($C5,Fixtures!A:I,9,FALSE) -> TBC | AA5: =VLOOKUP($B5,PickedPlayers!D:Q,14,FALSE) -> 0
A6: DEF | B6: João Cancelo | C6: Portugal | D6: =VLOOKUP($C6,Fixtures!A:I,2,FALSE) -> CON | E6: Picked | F6: =VLOOKUP($B6,PickedPlayers!D:Q,7,FALSE) -> 0 | G6: =VLOOKUP($C6,Fixtures!A:I,3,FALSE) -> UZB | H6: Picked | I6: =VLOOKUP($B6,PickedPlayers!D:Q,8,FALSE) -> 0 | J6: =VLOOKUP($C6,Fixtures!A:I,4,FALSE) -> COL | K6: Picked | L6: =VLOOKUP($B6,PickedPlayers!D:Q,9,FALSE) -> 0 | M6: =VLOOKUP($C6,Fixtures!A:I,5,FALSE) -> CRO | N6: Picked | O6: =VLOOKUP($B6,PickedPlayers!D:Q,10,FALSE) -> 0 | P6: =VLOOKUP($C6,Fixtures!A:I,6,FALSE) -> SPA | R6: =VLOOKUP($B6,PickedPlayers!D:Q,11,FALSE) -> 0 | S6: =VLOOKUP($C6,Fixtures!A:I,7,FALSE) -> TBC | U6: =VLOOKUP($B6,PickedPlayers!D:Q,12,FALSE) -> 0 | V6: =VLOOKUP($C6,Fixtures!A:I,8,FALSE) -> TBC | X6: =VLOOKUP($B6,PickedPlayers!D:Q,13,FALSE) -> 0 | Y6: =VLOOKUP($C6,Fixtures!A:I,9,FALSE) -> TBC | AA6: =VLOOKUP($B6,PickedPlayers!D:Q,14,FALSE) -> 0
A7: DEF | B7: Alejandro Grimaldo | C7: Spain | D7: =VLOOKUP($C7,Fixtures!A:I,2,FALSE) -> CAP | E7: Subbed Off | F7: =VLOOKUP($B7,PickedPlayers!D:Q,7,FALSE) -> 0 | G7: =VLOOKUP($C7,Fixtures!A:I,3,FALSE) -> SAU | H7: Sub 2 | I7: =VLOOKUP($B7,PickedPlayers!D:Q,8,FALSE) -> 0 | J7: =VLOOKUP($C7,Fixtures!A:I,4,FALSE) -> URU | K7: Sub 2 | L7: =VLOOKUP($B7,PickedPlayers!D:Q,9,FALSE) -> 0 | M7: =VLOOKUP($C7,Fixtures!A:I,5,FALSE) -> AUS | N7: Picked | O7: =VLOOKUP($B7,PickedPlayers!D:Q,10,FALSE) -> 0 | P7: =VLOOKUP($C7,Fixtures!A:I,6,FALSE) -> POR | R7: =VLOOKUP($B7,PickedPlayers!D:Q,11,FALSE) -> 0 | S7: =VLOOKUP($C7,Fixtures!A:I,7,FALSE) -> TBC | U7: =VLOOKUP($B7,PickedPlayers!D:Q,12,FALSE) -> 0 | V7: =VLOOKUP($C7,Fixtures!A:I,8,FALSE) -> TBC | X7: =VLOOKUP($B7,PickedPlayers!D:Q,13,FALSE) -> 0 | Y7: =VLOOKUP($C7,Fixtures!A:I,9,FALSE) -> TBC | AA7: =VLOOKUP($B7,PickedPlayers!D:Q,14,FALSE) -> 0
A8: DEF | B8: A. Rüdiger | C8: Germany | D8: =VLOOKUP($C8,Fixtures!A:I,2,FALSE) -> CUR | E8: Picked | F8: =VLOOKUP($B8,PickedPlayers!D:Q,7,FALSE) -> 0 | G8: =VLOOKUP($C8,Fixtures!A:I,3,FALSE) -> IVO | H8: Picked | I8: =VLOOKUP($B8,PickedPlayers!D:Q,8,FALSE) -> 0 | J8: =VLOOKUP($C8,Fixtures!A:I,4,FALSE) -> ECU | K8: Picked | L8: =VLOOKUP($B8,PickedPlayers!D:Q,9,FALSE) -> 0 | M8: =VLOOKUP($C8,Fixtures!A:I,5,FALSE) -> PAR | N8: Sub 2 | O8: =VLOOKUP($B8,PickedPlayers!D:Q,10,FALSE) -> 0 | P8: =VLOOKUP($C8,Fixtures!A:I,6,FALSE) -> out | R8: =VLOOKUP($B8,PickedPlayers!D:Q,11,FALSE) -> 0 | S8: =VLOOKUP($C8,Fixtures!A:I,7,FALSE) -> out | U8: =VLOOKUP($B8,PickedPlayers!D:Q,12,FALSE) -> 0 | V8: =VLOOKUP($C8,Fixtures!A:I,8,FALSE) -> out | X8: =VLOOKUP($B8,PickedPlayers!D:Q,13,FALSE) -> 0 | Y8: =VLOOKUP($C8,Fixtures!A:I,9,FALSE) -> out | AA8: =VLOOKUP($B8,PickedPlayers!D:Q,14,FALSE) -> 0
A9: DEF | B9: J. Stones | C9: England | D9: =VLOOKUP($C9,Fixtures!A:I,2,FALSE) -> CRO | E9: Sub 4 | F9: =VLOOKUP($B9,PickedPlayers!D:Q,7,FALSE) -> 0 | G9: =VLOOKUP($C9,Fixtures!A:I,3,FALSE) -> GHA | H9: Sub 4 | I9: =VLOOKUP($B9,PickedPlayers!D:Q,8,FALSE) -> 0 | J9: =VLOOKUP($C9,Fixtures!A:I,4,FALSE) -> PAN | K9: Sub 4 | L9: =VLOOKUP($B9,PickedPlayers!D:Q,9,FALSE) -> 0 | M9: =VLOOKUP($C9,Fixtures!A:I,5,FALSE) -> CON | N9: Sub 3 | O9: =VLOOKUP($B9,PickedPlayers!D:Q,10,FALSE) -> 0 | P9: =VLOOKUP($C9,Fixtures!A:I,6,FALSE) -> MEX | R9: =VLOOKUP($B9,PickedPlayers!D:Q,11,FALSE) -> 0 | S9: =VLOOKUP($C9,Fixtures!A:I,7,FALSE) -> TBC | U9: =VLOOKUP($B9,PickedPlayers!D:Q,12,FALSE) -> 0 | V9: =VLOOKUP($C9,Fixtures!A:I,8,FALSE) -> TBC | X9: =VLOOKUP($B9,PickedPlayers!D:Q,13,FALSE) -> 0 | Y9: =VLOOKUP($C9,Fixtures!A:I,9,FALSE) -> TBC | AA9: =VLOOKUP($B9,PickedPlayers!D:Q,14,FALSE) -> 0
A10: MID | B10: J. Bellingham | C10: England | D10: =VLOOKUP($C10,Fixtures!A:I,2,FALSE) -> CRO | E10: Picked | F10: =VLOOKUP($B10,PickedPlayers!D:Q,7,FALSE) -> 0 | G10: =VLOOKUP($C10,Fixtures!A:I,3,FALSE) -> GHA | H10: Vice Captain | I10: =VLOOKUP($B10,PickedPlayers!D:Q,8,FALSE) -> 0 | J10: =VLOOKUP($C10,Fixtures!A:I,4,FALSE) -> PAN | K10: Vice Captain | L10: =VLOOKUP($B10,PickedPlayers!D:Q,9,FALSE) -> 0 | M10: =VLOOKUP($C10,Fixtures!A:I,5,FALSE) -> CON | N10: Captain | O10: =VLOOKUP($B10,PickedPlayers!D:Q,10,FALSE) -> 0 | P10: =VLOOKUP($C10,Fixtures!A:I,6,FALSE) -> MEX | R10: =VLOOKUP($B10,PickedPlayers!D:Q,11,FALSE) -> 0 | S10: =VLOOKUP($C10,Fixtures!A:I,7,FALSE) -> TBC | U10: =VLOOKUP($B10,PickedPlayers!D:Q,12,FALSE) -> 0 | V10: =VLOOKUP($C10,Fixtures!A:I,8,FALSE) -> TBC | X10: =VLOOKUP($B10,PickedPlayers!D:Q,13,FALSE) -> 0 | Y10: =VLOOKUP($C10,Fixtures!A:I,9,FALSE) -> TBC | AA10: =VLOOKUP($B10,PickedPlayers!D:Q,14,FALSE) -> 0
A11: MID | B11: K. De Bruyne | C11: Belgium | D11: =VLOOKUP($C11,Fixtures!A:I,2,FALSE) -> EGY | E11: Captain | F11: =VLOOKUP($B11,PickedPlayers!D:Q,7,FALSE) -> 0 | G11: =VLOOKUP($C11,Fixtures!A:I,3,FALSE) -> IRA | H11: Picked | I11: =VLOOKUP($B11,PickedPlayers!D:Q,8,FALSE) -> 0 | J11: =VLOOKUP($C11,Fixtures!A:I,4,FALSE) -> NZL | K11: Picked | L11: =VLOOKUP($B11,PickedPlayers!D:Q,9,FALSE) -> 0 | M11: =VLOOKUP($C11,Fixtures!A:I,5,FALSE) -> SEN | N11: Picked | O11: =VLOOKUP($B11,PickedPlayers!D:Q,10,FALSE) -> 0 | P11: =VLOOKUP($C11,Fixtures!A:I,6,FALSE) -> USA | R11: =VLOOKUP($B11,PickedPlayers!D:Q,11,FALSE) -> 0 | S11: =VLOOKUP($C11,Fixtures!A:I,7,FALSE) -> TBC | U11: =VLOOKUP($B11,PickedPlayers!D:Q,12,FALSE) -> 0 | V11: =VLOOKUP($C11,Fixtures!A:I,8,FALSE) -> TBC | X11: =VLOOKUP($B11,PickedPlayers!D:Q,13,FALSE) -> 0 | Y11: =VLOOKUP($C11,Fixtures!A:I,9,FALSE) -> TBC | AA11: =VLOOKUP($B11,PickedPlayers!D:Q,14,FALSE) -> 0
A12: MID | B12: F. Valverde | C12: Uruguay | D12: =VLOOKUP($C12,Fixtures!A:I,2,FALSE) -> SAU | E12: Picked | F12: =VLOOKUP($B12,PickedPlayers!D:Q,7,FALSE) -> 0 | G12: =VLOOKUP($C12,Fixtures!A:I,3,FALSE) -> CAP | H12: Picked | I12: =VLOOKUP($B12,PickedPlayers!D:Q,8,FALSE) -> 0 | J12: =VLOOKUP($C12,Fixtures!A:I,4,FALSE) -> SPA | K12: Picked | L12: =VLOOKUP($B12,PickedPlayers!D:Q,9,FALSE) -> 0 | M12: CUT | P12: CUT | S12: CUT | V12: CUT | Y12: CUT
A13: MID | B13: Dani Olmo | C13: Spain | D13: =VLOOKUP($C13,Fixtures!A:I,2,FALSE) -> CAP | E13: Picked | F13: =VLOOKUP($B13,PickedPlayers!D:Q,7,FALSE) -> 0 | G13: =VLOOKUP($C13,Fixtures!A:I,3,FALSE) -> SAU | H13: Picked | I13: =VLOOKUP($B13,PickedPlayers!D:Q,8,FALSE) -> 0 | J13: =VLOOKUP($C13,Fixtures!A:I,4,FALSE) -> URU | K13: Picked | L13: =VLOOKUP($B13,PickedPlayers!D:Q,9,FALSE) -> 0 | M13: =VLOOKUP($C13,Fixtures!A:I,5,FALSE) -> AUS | N13: Picked | O13: =VLOOKUP($B13,PickedPlayers!D:Q,10,FALSE) -> 0 | P13: =VLOOKUP($C13,Fixtures!A:I,6,FALSE) -> POR | R13: =VLOOKUP($B13,PickedPlayers!D:Q,11,FALSE) -> 0 | S13: =VLOOKUP($C13,Fixtures!A:I,7,FALSE) -> TBC | U13: =VLOOKUP($B13,PickedPlayers!D:Q,12,FALSE) -> 0 | V13: =VLOOKUP($C13,Fixtures!A:I,8,FALSE) -> TBC | X13: =VLOOKUP($B13,PickedPlayers!D:Q,13,FALSE) -> 0 | Y13: =VLOOKUP($C13,Fixtures!A:I,9,FALSE) -> TBC | AA13: =VLOOKUP($B13,PickedPlayers!D:Q,14,FALSE) -> 0
A14: MID | B14: F. Nmecha | C14: Germany | D14: GER | M14: =VLOOKUP($C14,Fixtures!A:I,5,FALSE) -> PAR | N14: Picked | O14: =VLOOKUP($B14,PickedPlayers!D:Q,10,FALSE) -> 0 | P14: =VLOOKUP($C14,Fixtures!A:I,6,FALSE) -> out | R14: =VLOOKUP($B14,PickedPlayers!D:Q,11,FALSE) -> 0 | S14: =VLOOKUP($C14,Fixtures!A:I,7,FALSE) -> out | U14: =VLOOKUP($B14,PickedPlayers!D:Q,12,FALSE) -> 0 | V14: =VLOOKUP($C14,Fixtures!A:I,8,FALSE) -> out | X14: =VLOOKUP($B14,PickedPlayers!D:Q,13,FALSE) -> 0 | Y14: =VLOOKUP($C14,Fixtures!A:I,9,FALSE) -> out | AA14: =VLOOKUP($B14,PickedPlayers!D:Q,14,FALSE) -> 0
A15: FWD | B15: K. Mbappé | C15: France | D15: =VLOOKUP($C15,Fixtures!A:I,2,FALSE) -> SEN | E15: Vice Captain | F15: =VLOOKUP($B15,PickedPlayers!D:Q,7,FALSE) -> 0 | G15: =VLOOKUP($C15,Fixtures!A:I,3,FALSE) -> IRQ | H15: Captain | I15: =VLOOKUP($B15,PickedPlayers!D:Q,8,FALSE) -> 0 | J15: =VLOOKUP($C15,Fixtures!A:I,4,FALSE) -> NOR | K15: Captain | L15: =VLOOKUP($B15,PickedPlayers!D:Q,9,FALSE) -> 0 | M15: =VLOOKUP($C15,Fixtures!A:I,5,FALSE) -> SWE | N15: Vice Captain | O15: =VLOOKUP($B15,PickedPlayers!D:Q,10,FALSE) -> 0 | P15: =VLOOKUP($C15,Fixtures!A:I,6,FALSE) -> PAR | R15: =VLOOKUP($B15,PickedPlayers!D:Q,11,FALSE) -> 0 | S15: =VLOOKUP($C15,Fixtures!A:I,7,FALSE) -> TBC | U15: =VLOOKUP($B15,PickedPlayers!D:Q,12,FALSE) -> 0 | V15: =VLOOKUP($C15,Fixtures!A:I,8,FALSE) -> TBC | X15: =VLOOKUP($B15,PickedPlayers!D:Q,13,FALSE) -> 0 | Y15: =VLOOKUP($C15,Fixtures!A:I,9,FALSE) -> TBC | AA15: =VLOOKUP($B15,PickedPlayers!D:Q,14,FALSE) -> 0
A16: FWD | B16: Lautaro Martínez | C16: Argentina | D16: =VLOOKUP($C16,Fixtures!A:I,2,FALSE) -> ALG | E16: Picked | F16: =VLOOKUP($B16,PickedPlayers!D:Q,7,FALSE) -> 0 | G16: =VLOOKUP($C16,Fixtures!A:I,3,FALSE) -> AUT | H16: Sub 2 | I16: =VLOOKUP($B16,PickedPlayers!D:Q,8,FALSE) -> 0 | J16: =VLOOKUP($C16,Fixtures!A:I,4,FALSE) -> JOR | K16: Sub 2 | L16: =VLOOKUP($B16,PickedPlayers!D:Q,9,FALSE) -> 0 | M16: =VLOOKUP($C16,Fixtures!A:I,5,FALSE) -> CAP | N16: Picked | O16: =VLOOKUP($B16,PickedPlayers!D:Q,10,FALSE) -> 0 | P16: =VLOOKUP($C16,Fixtures!A:I,6,FALSE) -> TBC | R16: =VLOOKUP($B16,PickedPlayers!D:Q,11,FALSE) -> 0 | S16: =VLOOKUP($C16,Fixtures!A:I,7,FALSE) -> TBC | U16: =VLOOKUP($B16,PickedPlayers!D:Q,12,FALSE) -> 0 | V16: =VLOOKUP($C16,Fixtures!A:I,8,FALSE) -> TBC | X16: =VLOOKUP($B16,PickedPlayers!D:Q,13,FALSE) -> 0 | Y16: =VLOOKUP($C16,Fixtures!A:I,9,FALSE) -> TBC | AA16: =VLOOKUP($B16,PickedPlayers!D:Q,14,FALSE) -> 0
A17: FWD | B17: D. Núñez | C17: Uruguay | D17: =VLOOKUP($C17,Fixtures!A:I,2,FALSE) -> SAU | E17: Picked | F17: =VLOOKUP($B17,PickedPlayers!D:Q,7,FALSE) -> 0 | G17: =VLOOKUP($C17,Fixtures!A:I,3,FALSE) -> CAP | H17: Sub 1 | I17: =VLOOKUP($B17,PickedPlayers!D:Q,8,FALSE) -> 0 | J17: =VLOOKUP($C17,Fixtures!A:I,4,FALSE) -> SPA | K17: Sub 1 | L17: =VLOOKUP($B17,PickedPlayers!D:Q,9,FALSE) -> 0 | M17: =VLOOKUP($C17,Fixtures!A:I,5,FALSE) -> out | O17: =VLOOKUP($B17,PickedPlayers!D:Q,10,FALSE) -> 0 | P17: =VLOOKUP($C17,Fixtures!A:I,6,FALSE) -> out | R17: =VLOOKUP($B17,PickedPlayers!D:Q,11,FALSE) -> 0 | S17: =VLOOKUP($C17,Fixtures!A:I,7,FALSE) -> out | U17: =VLOOKUP($B17,PickedPlayers!D:Q,12,FALSE) -> 0 | V17: =VLOOKUP($C17,Fixtures!A:I,8,FALSE) -> out | X17: =VLOOKUP($B17,PickedPlayers!D:Q,13,FALSE) -> 0 | Y17: =VLOOKUP($C17,Fixtures!A:I,9,FALSE) -> out | AA17: =VLOOKUP($B17,PickedPlayers!D:Q,14,FALSE) -> 0
A18: FWD | B18: L. Trossard | C18: Belgium | D18: =VLOOKUP($C18,Fixtures!A:I,2,FALSE) -> EGY | E18: Sub 1 | F18: =VLOOKUP($B18,PickedPlayers!D:Q,7,FALSE) -> 0 | G18: =VLOOKUP($C18,Fixtures!A:I,3,FALSE) -> IRA | H18: Picked | I18: =VLOOKUP($B18,PickedPlayers!D:Q,8,FALSE) -> 0 | J18: =VLOOKUP($C18,Fixtures!A:I,4,FALSE) -> NZL | K18: Picked | L18: =VLOOKUP($B18,PickedPlayers!D:Q,9,FALSE) -> 0 | M18: =VLOOKUP($C18,Fixtures!A:I,5,FALSE) -> SEN | N18: Picked | O18: =VLOOKUP($B18,PickedPlayers!D:Q,10,FALSE) -> 0 | P18: =VLOOKUP($C18,Fixtures!A:I,6,FALSE) -> USA | R18: =VLOOKUP($B18,PickedPlayers!D:Q,11,FALSE) -> 0 | S18: =VLOOKUP($C18,Fixtures!A:I,7,FALSE) -> TBC | U18: =VLOOKUP($B18,PickedPlayers!D:Q,12,FALSE) -> 0 | V18: =VLOOKUP($C18,Fixtures!A:I,8,FALSE) -> TBC | X18: =VLOOKUP($B18,PickedPlayers!D:Q,13,FALSE) -> 0 | Y18: =VLOOKUP($C18,Fixtures!A:I,9,FALSE) -> TBC | AA18: =VLOOKUP($B18,PickedPlayers!D:Q,14,FALSE) -> 0
A19: FWD | B19: B. Barcola | C19: France | D19: =VLOOKUP($C19,Fixtures!A:I,2,FALSE) -> SEN | E19: Sub 2 | F19: =VLOOKUP($B19,PickedPlayers!D:Q,7,FALSE) -> 0 | G19: =VLOOKUP($C19,Fixtures!A:I,3,FALSE) -> IRQ | H19: Picked | I19: =VLOOKUP($B19,PickedPlayers!D:Q,8,FALSE) -> 0 | J19: =VLOOKUP($C19,Fixtures!A:I,4,FALSE) -> NOR | K19: Picked | L19: =VLOOKUP($B19,PickedPlayers!D:Q,9,FALSE) -> 0 | M19: =VLOOKUP($C19,Fixtures!A:I,5,FALSE) -> SWE | N19: Sub 1 | O19: =VLOOKUP($B19,PickedPlayers!D:Q,10,FALSE) -> 0 | P19: =VLOOKUP($C19,Fixtures!A:I,6,FALSE) -> PAR | R19: =VLOOKUP($B19,PickedPlayers!D:Q,11,FALSE) -> 0 | S19: =VLOOKUP($C19,Fixtures!A:I,7,FALSE) -> TBC | U19: =VLOOKUP($B19,PickedPlayers!D:Q,12,FALSE) -> 0 | V19: =VLOOKUP($C19,Fixtures!A:I,8,FALSE) -> TBC | X19: =VLOOKUP($B19,PickedPlayers!D:Q,13,FALSE) -> 0 | Y19: =VLOOKUP($C19,Fixtures!A:I,9,FALSE) -> TBC | AA19: =VLOOKUP($B19,PickedPlayers!D:Q,14,FALSE) -> 0

Sheet Taylor
A1: 1 Captain 1 Sub | D1: Group (1) | G1: Group (2) | J1: Group (3) | M1: Last 32 | P1: Last 16 | S1: Quarter Final | V1: Semi Final | Y1: 3rd Place / Final
A2: Position | B2: Player | C2: Nationality | D2: Opposition | E2: Selection | F2: Points | G2: Opposition | H2: Selection | I2: Points | J2: Opposition | K2: Selection | L2: Points | M2: Opposition | N2: Selection | O2: Points | P2: Opposition | Q2: Selection | R2: Points | S2: Opposition | T2: Selection | U2: Points | V2: Opposition | W2: Selection | X2: Points | Y2: Opposition | Z2: Selection | AA2: Points
A3: GK | B3: J. Pickford | C3: England | D3: =VLOOKUP($C3,Fixtures!A:I,2,FALSE) -> CRO | E3: Picked | F3: =VLOOKUP($B3,PickedPlayers!D:Q,7,FALSE) -> 0 | G3: =VLOOKUP($C3,Fixtures!A:I,3,FALSE) -> GHA | H3: Picked | I3: =VLOOKUP($B3,PickedPlayers!D:Q,8,FALSE) -> 0 | J3: =VLOOKUP($C3,Fixtures!A:I,4,FALSE) -> PAN | K3: Picked | L3: =VLOOKUP($B3,PickedPlayers!D:Q,9,FALSE) -> 0 | M3: =VLOOKUP($C3,Fixtures!A:I,5,FALSE) -> CON | N3: Picked | O3: =VLOOKUP($B3,PickedPlayers!D:Q,10,FALSE) -> 0 | P3: =VLOOKUP($C3,Fixtures!A:I,6,FALSE) -> MEX | Q3: Picked | R3: =VLOOKUP($B3,PickedPlayers!D:Q,11,FALSE) -> 0 | S3: =VLOOKUP($C3,Fixtures!A:I,7,FALSE) -> TBC | U3: =VLOOKUP($B3,PickedPlayers!D:Q,12,FALSE) -> 0 | V3: =VLOOKUP($C3,Fixtures!A:I,8,FALSE) -> TBC | X3: =VLOOKUP($B3,PickedPlayers!D:Q,13,FALSE) -> 0 | Y3: =VLOOKUP($C3,Fixtures!A:I,9,FALSE) -> TBC | AA3: =VLOOKUP($B3,PickedPlayers!D:Q,14,FALSE) -> 0
A4: GK | B4: Z. Suzuki | C4: Japan | D4: =VLOOKUP($C4,Fixtures!A:I,2,FALSE) -> NED | E4: Sub GK | F4: =VLOOKUP($B4,PickedPlayers!D:Q,7,FALSE) -> 0 | G4: =VLOOKUP($C4,Fixtures!A:I,3,FALSE) -> TUN | H4: Sub GK | I4: =VLOOKUP($B4,PickedPlayers!D:Q,8,FALSE) -> 0 | J4: =VLOOKUP($C4,Fixtures!A:I,4,FALSE) -> SWE | K4: Sub GK | L4: =VLOOKUP($B4,PickedPlayers!D:Q,9,FALSE) -> 0 | M4: =VLOOKUP($C4,Fixtures!A:I,5,FALSE) -> BRA | N4: Sub GK | O4: =VLOOKUP($B4,PickedPlayers!D:Q,10,FALSE) -> 0 | P4: =VLOOKUP($C4,Fixtures!A:I,6,FALSE) -> out | R4: =VLOOKUP($B4,PickedPlayers!D:Q,11,FALSE) -> 0 | S4: =VLOOKUP($C4,Fixtures!A:I,7,FALSE) -> out | U4: =VLOOKUP($B4,PickedPlayers!D:Q,12,FALSE) -> 0 | V4: =VLOOKUP($C4,Fixtures!A:I,8,FALSE) -> out | X4: =VLOOKUP($B4,PickedPlayers!D:Q,13,FALSE) -> 0 | Y4: =VLOOKUP($C4,Fixtures!A:I,9,FALSE) -> out | AA4: =VLOOKUP($B4,PickedPlayers!D:Q,14,FALSE) -> 0
A5: DEF | B5: W. Saliba | C5: France | D5: =VLOOKUP($C5,Fixtures!A:I,2,FALSE) -> SEN | E5: Picked | F5: =VLOOKUP($B5,PickedPlayers!D:Q,7,FALSE) -> 0 | G5: =VLOOKUP($C5,Fixtures!A:I,3,FALSE) -> IRQ | H5: Picked | I5: =VLOOKUP($B5,PickedPlayers!D:Q,8,FALSE) -> 0 | J5: =VLOOKUP($C5,Fixtures!A:I,4,FALSE) -> NOR | K5: Sub 3 | L5: =VLOOKUP($B5,PickedPlayers!D:Q,9,FALSE) -> 0 | M5: =VLOOKUP($C5,Fixtures!A:I,5,FALSE) -> SWE | N5: Picked | O5: =VLOOKUP($B5,PickedPlayers!D:Q,10,FALSE) -> 0 | P5: =VLOOKUP($C5,Fixtures!A:I,6,FALSE) -> PAR | Q5: Picked | R5: =VLOOKUP($B5,PickedPlayers!D:Q,11,FALSE) -> 0 | S5: =VLOOKUP($C5,Fixtures!A:I,7,FALSE) -> TBC | U5: =VLOOKUP($B5,PickedPlayers!D:Q,12,FALSE) -> 0 | V5: =VLOOKUP($C5,Fixtures!A:I,8,FALSE) -> TBC | X5: =VLOOKUP($B5,PickedPlayers!D:Q,13,FALSE) -> 0 | Y5: =VLOOKUP($C5,Fixtures!A:I,9,FALSE) -> TBC | AA5: =VLOOKUP($B5,PickedPlayers!D:Q,14,FALSE) -> 0
A6: DEF | B6: A. Robinson | C6: USA | D6: =VLOOKUP($C6,Fixtures!A:I,2,FALSE) -> PAR | E6: Sub 3 | F6: =VLOOKUP($B6,PickedPlayers!D:Q,7,FALSE) -> 0 | G6: =VLOOKUP($C6,Fixtures!A:I,3,FALSE) -> AUS | H6: Picked | I6: =VLOOKUP($B6,PickedPlayers!D:Q,8,FALSE) -> 0 | J6: =VLOOKUP($C6,Fixtures!A:I,4,FALSE) -> TUR | K6: Picked | L6: =VLOOKUP($B6,PickedPlayers!D:Q,9,FALSE) -> 0 | M6: =VLOOKUP($C6,Fixtures!A:I,5,FALSE) -> BOS | N6: Vice Captain | O6: =VLOOKUP($B6,PickedPlayers!D:Q,10,FALSE) -> 0 | P6: =VLOOKUP($C6,Fixtures!A:I,6,FALSE) -> BEL | Q6: Picked | R6: =VLOOKUP($B6,PickedPlayers!D:Q,11,FALSE) -> 0 | S6: =VLOOKUP($C6,Fixtures!A:I,7,FALSE) -> TBC | U6: =VLOOKUP($B6,PickedPlayers!D:Q,12,FALSE) -> 0 | V6: =VLOOKUP($C6,Fixtures!A:I,8,FALSE) -> TBC | X6: =VLOOKUP($B6,PickedPlayers!D:Q,13,FALSE) -> 0 | Y6: =VLOOKUP($C6,Fixtures!A:I,9,FALSE) -> TBC | AA6: =VLOOKUP($B6,PickedPlayers!D:Q,14,FALSE) -> 0
A7: DEF | B7: L. Vušković | C7: Croatia | D7: =VLOOKUP($C7,Fixtures!A:I,2,FALSE) -> ENG | E7: Sub 4 | F7: =VLOOKUP($B7,PickedPlayers!D:Q,7,FALSE) -> 0 | G7: =VLOOKUP($C7,Fixtures!A:I,3,FALSE) -> PAN | H7: Subbed Off | I7: =VLOOKUP($B7,PickedPlayers!D:Q,8,FALSE) -> 0 | J7: =VLOOKUP($C7,Fixtures!A:I,4,FALSE) -> GHA | K7: Subbed Off | L7: =VLOOKUP($B7,PickedPlayers!D:Q,9,FALSE) -> 0 | M7: =VLOOKUP($C7,Fixtures!A:I,5,FALSE) -> POR | N7: Sub 2 | O7: =VLOOKUP($B7,PickedPlayers!D:Q,10,FALSE) -> 0 | P7: =VLOOKUP($C7,Fixtures!A:I,6,FALSE) -> out | R7: =VLOOKUP($B7,PickedPlayers!D:Q,11,FALSE) -> 0 | S7: =VLOOKUP($C7,Fixtures!A:I,7,FALSE) -> out | U7: =VLOOKUP($B7,PickedPlayers!D:Q,12,FALSE) -> 0 | V7: =VLOOKUP($C7,Fixtures!A:I,8,FALSE) -> out | X7: =VLOOKUP($B7,PickedPlayers!D:Q,13,FALSE) -> 0 | Y7: =VLOOKUP($C7,Fixtures!A:I,9,FALSE) -> out | AA7: =VLOOKUP($B7,PickedPlayers!D:Q,14,FALSE) -> 0
A8: DEF | B8: Lisandro Martínez | C8: Argentina | D8: =VLOOKUP($C8,Fixtures!A:I,2,FALSE) -> ALG | E8: Picked | F8: =VLOOKUP($B8,PickedPlayers!D:Q,7,FALSE) -> 0 | G8: =VLOOKUP($C8,Fixtures!A:I,3,FALSE) -> AUT | H8: Picked | I8: =VLOOKUP($B8,PickedPlayers!D:Q,8,FALSE) -> 0 | J8: =VLOOKUP($C8,Fixtures!A:I,4,FALSE) -> JOR | K8: Vice Captain | L8: =VLOOKUP($B8,PickedPlayers!D:Q,9,FALSE) -> 0 | M8: =VLOOKUP($C8,Fixtures!A:I,5,FALSE) -> CAP | N8: Picked | O8: =VLOOKUP($B8,PickedPlayers!D:Q,10,FALSE) -> 0 | P8: =VLOOKUP($C8,Fixtures!A:I,6,FALSE) -> TBC | R8: =VLOOKUP($B8,PickedPlayers!D:Q,11,FALSE) -> 0 | S8: =VLOOKUP($C8,Fixtures!A:I,7,FALSE) -> TBC | U8: =VLOOKUP($B8,PickedPlayers!D:Q,12,FALSE) -> 0 | V8: =VLOOKUP($C8,Fixtures!A:I,8,FALSE) -> TBC | X8: =VLOOKUP($B8,PickedPlayers!D:Q,13,FALSE) -> 0 | Y8: =VLOOKUP($C8,Fixtures!A:I,9,FALSE) -> TBC | AA8: =VLOOKUP($B8,PickedPlayers!D:Q,14,FALSE) -> 0
A9: DEF | B9: D. Muñoz | C9: Colombia | D9: =VLOOKUP($C9,Fixtures!A:I,2,FALSE) -> UZB | E9: Picked | F9: =VLOOKUP($B9,PickedPlayers!D:Q,7,FALSE) -> 0 | G9: =VLOOKUP($C9,Fixtures!A:I,3,FALSE) -> CON | H9: Picked | I9: =VLOOKUP($B9,PickedPlayers!D:Q,8,FALSE) -> 0 | J9: =VLOOKUP($C9,Fixtures!A:I,4,FALSE) -> POR | K9: Picked | L9: =VLOOKUP($B9,PickedPlayers!D:Q,9,FALSE) -> 0 | M9: =VLOOKUP($C9,Fixtures!A:I,5,FALSE) -> GHA | N9: Picked | O9: =VLOOKUP($B9,PickedPlayers!D:Q,10,FALSE) -> 0 | P9: =VLOOKUP($C9,Fixtures!A:I,6,FALSE) -> TBC | R9: =VLOOKUP($B9,PickedPlayers!D:Q,11,FALSE) -> 0 | S9: =VLOOKUP($C9,Fixtures!A:I,7,FALSE) -> TBC | U9: =VLOOKUP($B9,PickedPlayers!D:Q,12,FALSE) -> 0 | V9: =VLOOKUP($C9,Fixtures!A:I,8,FALSE) -> TBC | X9: =VLOOKUP($B9,PickedPlayers!D:Q,13,FALSE) -> 0 | Y9: =VLOOKUP($C9,Fixtures!A:I,9,FALSE) -> TBC | AA9: =VLOOKUP($B9,PickedPlayers!D:Q,14,FALSE) -> 0
A10: MID | B10: S. McTominay | C10: Scotland | D10: =VLOOKUP($C10,Fixtures!A:I,2,FALSE) -> HAI | E10: Vice Captain | F10: =VLOOKUP($B10,PickedPlayers!D:Q,7,FALSE) -> 0 | G10: =VLOOKUP($C10,Fixtures!A:I,3,FALSE) -> MOR | H10: Picked | I10: =VLOOKUP($B10,PickedPlayers!D:Q,8,FALSE) -> 0 | J10: =VLOOKUP($C10,Fixtures!A:I,4,FALSE) -> BRA | K10: Picked | L10: =VLOOKUP($B10,PickedPlayers!D:Q,9,FALSE) -> 0 | M10: =VLOOKUP($C10,Fixtures!A:I,5,FALSE) -> out | O10: =VLOOKUP($B10,PickedPlayers!D:Q,10,FALSE) -> 0 | P10: =VLOOKUP($C10,Fixtures!A:I,6,FALSE) -> out | R10: =VLOOKUP($B10,PickedPlayers!D:Q,11,FALSE) -> 0 | S10: =VLOOKUP($C10,Fixtures!A:I,7,FALSE) -> out | U10: =VLOOKUP($B10,PickedPlayers!D:Q,12,FALSE) -> 0 | V10: =VLOOKUP($C10,Fixtures!A:I,8,FALSE) -> out | X10: =VLOOKUP($B10,PickedPlayers!D:Q,13,FALSE) -> 0 | Y10: =VLOOKUP($C10,Fixtures!A:I,9,FALSE) -> out | AA10: =VLOOKUP($B10,PickedPlayers!D:Q,14,FALSE) -> 0
A11: MID | B11: C. Pulisic | C11: USA | D11: =VLOOKUP($C11,Fixtures!A:I,2,FALSE) -> PAR | E11: Picked | F11: =VLOOKUP($B11,PickedPlayers!D:Q,7,FALSE) -> 0 | G11: =VLOOKUP($C11,Fixtures!A:I,3,FALSE) -> AUS | H11: Subbed Off | I11: =VLOOKUP($B11,PickedPlayers!D:Q,8,FALSE) -> 0 | J11: =VLOOKUP($C11,Fixtures!A:I,4,FALSE) -> TUR | K11: Picked | L11: =VLOOKUP($B11,PickedPlayers!D:Q,9,FALSE) -> 0 | M11: =VLOOKUP($C11,Fixtures!A:I,5,FALSE) -> BOS | N11: Picked | O11: =VLOOKUP($B11,PickedPlayers!D:Q,10,FALSE) -> 0 | P11: =VLOOKUP($C11,Fixtures!A:I,6,FALSE) -> BEL | Q11: Picked | R11: =VLOOKUP($B11,PickedPlayers!D:Q,11,FALSE) -> 0 | S11: =VLOOKUP($C11,Fixtures!A:I,7,FALSE) -> TBC | U11: =VLOOKUP($B11,PickedPlayers!D:Q,12,FALSE) -> 0 | V11: =VLOOKUP($C11,Fixtures!A:I,8,FALSE) -> TBC | X11: =VLOOKUP($B11,PickedPlayers!D:Q,13,FALSE) -> 0 | Y11: =VLOOKUP($C11,Fixtures!A:I,9,FALSE) -> TBC | AA11: =VLOOKUP($B11,PickedPlayers!D:Q,14,FALSE) -> 0
A12: MID | B12: M. Ødegaard | C12: Norway | D12: =VLOOKUP($C12,Fixtures!A:I,2,FALSE) -> IRQ | E12: Picked | F12: =VLOOKUP($B12,PickedPlayers!D:Q,7,FALSE) -> 0 | G12: =VLOOKUP($C12,Fixtures!A:I,3,FALSE) -> SEN | H12: Picked | I12: =VLOOKUP($B12,PickedPlayers!D:Q,8,FALSE) -> 0 | J12: =VLOOKUP($C12,Fixtures!A:I,4,FALSE) -> FRA | K12: Picked | L12: =VLOOKUP($B12,PickedPlayers!D:Q,9,FALSE) -> 0 | M12: =VLOOKUP($C12,Fixtures!A:I,5,FALSE) -> IVO | N12: Picked | O12: =VLOOKUP($B12,PickedPlayers!D:Q,10,FALSE) -> 0 | P12: =VLOOKUP($C12,Fixtures!A:I,6,FALSE) -> BRA | Q12: Picked | R12: =VLOOKUP($B12,PickedPlayers!D:Q,11,FALSE) -> 0 | S12: =VLOOKUP($C12,Fixtures!A:I,7,FALSE) -> TBC | U12: =VLOOKUP($B12,PickedPlayers!D:Q,12,FALSE) -> 0 | V12: =VLOOKUP($C12,Fixtures!A:I,8,FALSE) -> TBC | X12: =VLOOKUP($B12,PickedPlayers!D:Q,13,FALSE) -> 0 | Y12: =VLOOKUP($C12,Fixtures!A:I,9,FALSE) -> TBC | AA12: =VLOOKUP($B12,PickedPlayers!D:Q,14,FALSE) -> 0
A13: MID | B13: A. Güler | C13: Turkey | D13: =VLOOKUP($C13,Fixtures!A:I,2,FALSE) -> AUS | E13: Picked | F13: =VLOOKUP($B13,PickedPlayers!D:Q,7,FALSE) -> 0 | G13: =VLOOKUP($C13,Fixtures!A:I,3,FALSE) -> PAR | H13: Picked | I13: =VLOOKUP($B13,PickedPlayers!D:Q,8,FALSE) -> 0 | J13: =VLOOKUP($C13,Fixtures!A:I,4,FALSE) -> USA | K13: Picked | L13: =VLOOKUP($B13,PickedPlayers!D:Q,9,FALSE) -> 0 | M13: CUT | P13: CUT | S13: CUT | V13: CUT | Y13: CUT
A14: MID | B14: J. Manzambi | C14: Switzerland | M14: =VLOOKUP($C14,Fixtures!A:I,5,FALSE) -> ALG | N14: Picked | O14: =VLOOKUP($B14,PickedPlayers!D:Q,10,FALSE) -> 0 | P14: =VLOOKUP($C14,Fixtures!A:I,6,FALSE) -> TBC | Q14: Picked | R14: =VLOOKUP($B14,PickedPlayers!D:Q,11,FALSE) -> 0 | S14: =VLOOKUP($C14,Fixtures!A:I,7,FALSE) -> TBC | U14: =VLOOKUP($B14,PickedPlayers!D:Q,12,FALSE) -> 0 | V14: =VLOOKUP($C14,Fixtures!A:I,8,FALSE) -> TBC | X14: =VLOOKUP($B14,PickedPlayers!D:Q,13,FALSE) -> 0 | Y14: =VLOOKUP($C14,Fixtures!A:I,9,FALSE) -> TBC | AA14: =VLOOKUP($B14,PickedPlayers!D:Q,14,FALSE) -> 0
A15: FWD | B15: H. Kane | C15: England | D15: =VLOOKUP($C15,Fixtures!A:I,2,FALSE) -> CRO | E15: Captain | F15: =VLOOKUP($B15,PickedPlayers!D:Q,7,FALSE) -> 0 | G15: =VLOOKUP($C15,Fixtures!A:I,3,FALSE) -> GHA | H15: Captain | I15: =VLOOKUP($B15,PickedPlayers!D:Q,8,FALSE) -> 0 | J15: =VLOOKUP($C15,Fixtures!A:I,4,FALSE) -> PAN | K15: Picked | L15: =VLOOKUP($B15,PickedPlayers!D:Q,9,FALSE) -> 0 | M15: =VLOOKUP($C15,Fixtures!A:I,5,FALSE) -> CON | N15: Captain | O15: =VLOOKUP($B15,PickedPlayers!D:Q,10,FALSE) -> 0 | P15: =VLOOKUP($C15,Fixtures!A:I,6,FALSE) -> MEX | Q15: Picked | R15: =VLOOKUP($B15,PickedPlayers!D:Q,11,FALSE) -> 0 | S15: =VLOOKUP($C15,Fixtures!A:I,7,FALSE) -> TBC | U15: =VLOOKUP($B15,PickedPlayers!D:Q,12,FALSE) -> 0 | V15: =VLOOKUP($C15,Fixtures!A:I,8,FALSE) -> TBC | X15: =VLOOKUP($B15,PickedPlayers!D:Q,13,FALSE) -> 0 | Y15: =VLOOKUP($C15,Fixtures!A:I,9,FALSE) -> TBC | AA15: =VLOOKUP($B15,PickedPlayers!D:Q,14,FALSE) -> 0
A16: FWD | B16: J. Doku | C16: Belgium | D16: =VLOOKUP($C16,Fixtures!A:I,2,FALSE) -> EGY | E16: Picked | F16: =VLOOKUP($B16,PickedPlayers!D:Q,7,FALSE) -> 0 | G16: =VLOOKUP($C16,Fixtures!A:I,3,FALSE) -> IRA | H16: Sub 2 | I16: =VLOOKUP($B16,PickedPlayers!D:Q,8,FALSE) -> 0 | J16: =VLOOKUP($C16,Fixtures!A:I,4,FALSE) -> NZL | K16: Sub 2 | L16: =VLOOKUP($B16,PickedPlayers!D:Q,9,FALSE) -> 0 | M16: =VLOOKUP($C16,Fixtures!A:I,5,FALSE) -> SEN | N16: Sub 1 | O16: =VLOOKUP($B16,PickedPlayers!D:Q,10,FALSE) -> 0 | P16: =VLOOKUP($C16,Fixtures!A:I,6,FALSE) -> USA | R16: =VLOOKUP($B16,PickedPlayers!D:Q,11,FALSE) -> 0 | S16: =VLOOKUP($C16,Fixtures!A:I,7,FALSE) -> TBC | U16: =VLOOKUP($B16,PickedPlayers!D:Q,12,FALSE) -> 0 | V16: =VLOOKUP($C16,Fixtures!A:I,8,FALSE) -> TBC | X16: =VLOOKUP($B16,PickedPlayers!D:Q,13,FALSE) -> 0 | Y16: =VLOOKUP($C16,Fixtures!A:I,9,FALSE) -> TBC | AA16: =VLOOKUP($B16,PickedPlayers!D:Q,14,FALSE) -> 0
A17: FWD | B17: Nico Williams | C17: Spain | D17: =VLOOKUP($C17,Fixtures!A:I,2,FALSE) -> CAP | E17: Picked | F17: =VLOOKUP($B17,PickedPlayers!D:Q,7,FALSE) -> 0 | G17: =VLOOKUP($C17,Fixtures!A:I,3,FALSE) -> SAU | H17: Picked | I17: =VLOOKUP($B17,PickedPlayers!D:Q,8,FALSE) -> 0 | J17: =VLOOKUP($C17,Fixtures!A:I,4,FALSE) -> URU | K17: Sub 1 | L17: =VLOOKUP($B17,PickedPlayers!D:Q,9,FALSE) -> 0 | M17: =VLOOKUP($C17,Fixtures!A:I,5,FALSE) -> AUS | N17: Sub 3 | O17: =VLOOKUP($B17,PickedPlayers!D:Q,10,FALSE) -> 0 | P17: =VLOOKUP($C17,Fixtures!A:I,6,FALSE) -> POR | R17: =VLOOKUP($B17,PickedPlayers!D:Q,11,FALSE) -> 0 | S17: =VLOOKUP($C17,Fixtures!A:I,7,FALSE) -> TBC | U17: =VLOOKUP($B17,PickedPlayers!D:Q,12,FALSE) -> 0 | V17: =VLOOKUP($C17,Fixtures!A:I,8,FALSE) -> TBC | X17: =VLOOKUP($B17,PickedPlayers!D:Q,13,FALSE) -> 0 | Y17: =VLOOKUP($C17,Fixtures!A:I,9,FALSE) -> TBC | AA17: =VLOOKUP($B17,PickedPlayers!D:Q,14,FALSE) -> 0
A18: FWD | B18: Matheus Cunha | C18: Brazil | D18: =VLOOKUP($C18,Fixtures!A:I,2,FALSE) -> MOR | E18: Sub 2 | F18: =VLOOKUP($B18,PickedPlayers!D:Q,7,FALSE) -> 0 | G18: =VLOOKUP($C18,Fixtures!A:I,3,FALSE) -> HAI | H18: Picked | I18: =VLOOKUP($B18,PickedPlayers!D:Q,8,FALSE) -> 0 | J18: =VLOOKUP($C18,Fixtures!A:I,4,FALSE) -> SCO | K18: Picked | L18: =VLOOKUP($B18,PickedPlayers!D:Q,9,FALSE) -> 0 | M18: =VLOOKUP($C18,Fixtures!A:I,5,FALSE) -> JAP | N18: Picked | O18: =VLOOKUP($B18,PickedPlayers!D:Q,10,FALSE) -> 0 | P18: =VLOOKUP($C18,Fixtures!A:I,6,FALSE) -> NOR | Q18: Picked | R18: =VLOOKUP($B18,PickedPlayers!D:Q,11,FALSE) -> 0 | S18: =VLOOKUP($C18,Fixtures!A:I,7,FALSE) -> TBC | U18: =VLOOKUP($B18,PickedPlayers!D:Q,12,FALSE) -> 0 | V18: =VLOOKUP($C18,Fixtures!A:I,8,FALSE) -> TBC | X18: =VLOOKUP($B18,PickedPlayers!D:Q,13,FALSE) -> 0 | Y18: =VLOOKUP($C18,Fixtures!A:I,9,FALSE) -> TBC | AA18: =VLOOKUP($B18,PickedPlayers!D:Q,14,FALSE) -> 0
A19: FWD | B19: M. Rashford | C19: England | D19: =VLOOKUP($C19,Fixtures!A:I,2,FALSE) -> CRO | E19: Sub 1 | F19: =VLOOKUP($B19,PickedPlayers!D:Q,7,FALSE) -> 0 | G19: =VLOOKUP($C19,Fixtures!A:I,3,FALSE) -> GHA | H19: Sub 1 | I19: =VLOOKUP($B19,PickedPlayers!D:Q,8,FALSE) -> 0 | J19: =VLOOKUP($C19,Fixtures!A:I,4,FALSE) -> PAN | K19: Captain | L19: =VLOOKUP($B19,PickedPlayers!D:Q,9,FALSE) -> 0 | M19: =VLOOKUP($C19,Fixtures!A:I,5,FALSE) -> CON | N19: Picked | O19: =VLOOKUP($B19,PickedPlayers!D:Q,10,FALSE) -> 0 | P19: =VLOOKUP($C19,Fixtures!A:I,6,FALSE) -> MEX | R19: =VLOOKUP($B19,PickedPlayers!D:Q,11,FALSE) -> 0 | S19: =VLOOKUP($C19,Fixtures!A:I,7,FALSE) -> TBC | U19: =VLOOKUP($B19,PickedPlayers!D:Q,12,FALSE) -> 0 | V19: =VLOOKUP($C19,Fixtures!A:I,8,FALSE) -> TBC | X19: =VLOOKUP($B19,PickedPlayers!D:Q,13,FALSE) -> 0 | Y19: =VLOOKUP($C19,Fixtures!A:I,9,FALSE) -> TBC | AA19: =VLOOKUP($B19,PickedPlayers!D:Q,14,FALSE) -> 0

Sheet Ian
A1: 1 Captain 1 Sub | D1: Group (1) | G1: Group (2) | J1: Group (3) | M1: Last 32 | P1: Last 16 | S1: Quarter Final | V1: Semi Final | Y1: 3rd Place / Final
A2: Position | B2: Player | C2: Nationality | D2: Opposition | E2: Selection | F2: Points | G2: Opposition | H2: Selection | I2: Points | J2: Opposition | K2: Selection | L2: Points | M2: Opposition | N2: Selection | O2: Points | P2: Opposition | Q2: Selection | R2: Points | S2: Opposition | T2: Selection | U2: Points | V2: Opposition | W2: Selection | X2: Points | Y2: Opposition | Z2: Selection | AA2: Points
A3: GK | B3: Unai Simón | C3: Spain | D3: =VLOOKUP($C3,Fixtures!A:I,2,FALSE) -> CAP | E3: Picked | F3: =VLOOKUP($B3,PickedPlayers!D:Q,7,FALSE) -> 0 | G3: =VLOOKUP($C3,Fixtures!A:I,3,FALSE) -> SAU | H3: Picked | I3: =VLOOKUP($B3,PickedPlayers!D:Q,8,FALSE) -> 0 | J3: =VLOOKUP($C3,Fixtures!A:I,4,FALSE) -> URU | K3: Picked | L3: =VLOOKUP($B3,PickedPlayers!D:Q,9,FALSE) -> 0 | M3: =VLOOKUP($C3,Fixtures!A:I,5,FALSE) -> AUS | N3: Picked | O3: =VLOOKUP($B3,PickedPlayers!D:Q,10,FALSE) -> 0 | P3: =VLOOKUP($C3,Fixtures!A:I,6,FALSE) -> POR | Q3: Picked | R3: =VLOOKUP($B3,PickedPlayers!D:Q,11,FALSE) -> 0 | S3: =VLOOKUP($C3,Fixtures!A:I,7,FALSE) -> TBC | U3: =VLOOKUP($B3,PickedPlayers!D:Q,12,FALSE) -> 0 | V3: =VLOOKUP($C3,Fixtures!A:I,8,FALSE) -> TBC | X3: =VLOOKUP($B3,PickedPlayers!D:Q,13,FALSE) -> 0 | Y3: =VLOOKUP($C3,Fixtures!A:I,9,FALSE) -> TBC | AA3: =VLOOKUP($B3,PickedPlayers!D:Q,14,FALSE) -> 0
A4: GK | B4: D. Livaković | C4: Croatia | D4: =VLOOKUP($C4,Fixtures!A:I,2,FALSE) -> ENG | E4: Sub GK | F4: =VLOOKUP($B4,PickedPlayers!D:Q,7,FALSE) -> 0 | G4: =VLOOKUP($C4,Fixtures!A:I,3,FALSE) -> PAN | H4: Sub GK | I4: =VLOOKUP($B4,PickedPlayers!D:Q,8,FALSE) -> 0 | J4: =VLOOKUP($C4,Fixtures!A:I,4,FALSE) -> GHA | K4: Sub GK | L4: =VLOOKUP($B4,PickedPlayers!D:Q,9,FALSE) -> 0 | M4: =VLOOKUP($C4,Fixtures!A:I,5,FALSE) -> POR | N4: Sub GK | O4: =VLOOKUP($B4,PickedPlayers!D:Q,10,FALSE) -> 0 | P4: =VLOOKUP($C4,Fixtures!A:I,6,FALSE) -> out | Q4: Sub GK | R4: =VLOOKUP($B4,PickedPlayers!D:Q,11,FALSE) -> 0 | S4: =VLOOKUP($C4,Fixtures!A:I,7,FALSE) -> out | U4: =VLOOKUP($B4,PickedPlayers!D:Q,12,FALSE) -> 0 | V4: =VLOOKUP($C4,Fixtures!A:I,8,FALSE) -> out | X4: =VLOOKUP($B4,PickedPlayers!D:Q,13,FALSE) -> 0 | Y4: =VLOOKUP($C4,Fixtures!A:I,9,FALSE) -> out | AA4: =VLOOKUP($B4,PickedPlayers!D:Q,14,FALSE) -> 0
A5: DEF | B5: A. Hakimi | C5: Morocco | D5: =VLOOKUP($C5,Fixtures!A:I,2,FALSE) -> BRA | E5: Picked | F5: =VLOOKUP($B5,PickedPlayers!D:Q,7,FALSE) -> 0 | G5: =VLOOKUP($C5,Fixtures!A:I,3,FALSE) -> SCO | H5: Picked | I5: =VLOOKUP($B5,PickedPlayers!D:Q,8,FALSE) -> 0 | J5: =VLOOKUP($C5,Fixtures!A:I,4,FALSE) -> HAI | K5: Captain | L5: =VLOOKUP($B5,PickedPlayers!D:Q,9,FALSE) -> 0 | M5: =VLOOKUP($C5,Fixtures!A:I,5,FALSE) -> NED | N5: Picked | O5: =VLOOKUP($B5,PickedPlayers!D:Q,10,FALSE) -> 0 | P5: =VLOOKUP($C5,Fixtures!A:I,6,FALSE) -> CAN | Q5: Vice Captain | R5: =VLOOKUP($B5,PickedPlayers!D:Q,11,FALSE) -> 0 | S5: =VLOOKUP($C5,Fixtures!A:I,7,FALSE) -> TBC | U5: =VLOOKUP($B5,PickedPlayers!D:Q,12,FALSE) -> 0 | V5: =VLOOKUP($C5,Fixtures!A:I,8,FALSE) -> TBC | X5: =VLOOKUP($B5,PickedPlayers!D:Q,13,FALSE) -> 0 | Y5: =VLOOKUP($C5,Fixtures!A:I,9,FALSE) -> TBC | AA5: =VLOOKUP($B5,PickedPlayers!D:Q,14,FALSE) -> 0
A6: DEF | B6: Marc Cucurella | C6: Spain | D6: =VLOOKUP($C6,Fixtures!A:I,2,FALSE) -> CAP | E6: Picked | F6: =VLOOKUP($B6,PickedPlayers!D:Q,7,FALSE) -> 0 | G6: =VLOOKUP($C6,Fixtures!A:I,3,FALSE) -> SAU | H6: Picked | I6: =VLOOKUP($B6,PickedPlayers!D:Q,8,FALSE) -> 0 | J6: =VLOOKUP($C6,Fixtures!A:I,4,FALSE) -> URU | K6: Picked | L6: =VLOOKUP($B6,PickedPlayers!D:Q,9,FALSE) -> 0 | M6: =VLOOKUP($C6,Fixtures!A:I,5,FALSE) -> AUS | N6: Picked | O6: =VLOOKUP($B6,PickedPlayers!D:Q,10,FALSE) -> 0 | P6: =VLOOKUP($C6,Fixtures!A:I,6,FALSE) -> POR | Q6: Picked | R6: =VLOOKUP($B6,PickedPlayers!D:Q,11,FALSE) -> 0 | S6: =VLOOKUP($C6,Fixtures!A:I,7,FALSE) -> TBC | U6: =VLOOKUP($B6,PickedPlayers!D:Q,12,FALSE) -> 0 | V6: =VLOOKUP($C6,Fixtures!A:I,8,FALSE) -> TBC | X6: =VLOOKUP($B6,PickedPlayers!D:Q,13,FALSE) -> 0 | Y6: =VLOOKUP($C6,Fixtures!A:I,9,FALSE) -> TBC | AA6: =VLOOKUP($B6,PickedPlayers!D:Q,14,FALSE) -> 0
A7: DEF | B7: J. Gvardiol | C7: Croatia | D7: =VLOOKUP($C7,Fixtures!A:I,2,FALSE) -> ENG | E7: Sub 3 | F7: =VLOOKUP($B7,PickedPlayers!D:Q,7,FALSE) -> 0 | G7: =VLOOKUP($C7,Fixtures!A:I,3,FALSE) -> PAN | H7: Picked | I7: =VLOOKUP($B7,PickedPlayers!D:Q,8,FALSE) -> 0 | J7: =VLOOKUP($C7,Fixtures!A:I,4,FALSE) -> GHA | K7: Picked | L7: =VLOOKUP($B7,PickedPlayers!D:Q,9,FALSE) -> 0 | M7: =VLOOKUP($C7,Fixtures!A:I,5,FALSE) -> POR | N7: Sub 1 | O7: =VLOOKUP($B7,PickedPlayers!D:Q,10,FALSE) -> 0 | P7: =VLOOKUP($C7,Fixtures!A:I,6,FALSE) -> out | R7: =VLOOKUP($B7,PickedPlayers!D:Q,11,FALSE) -> 0 | S7: =VLOOKUP($C7,Fixtures!A:I,7,FALSE) -> out | U7: =VLOOKUP($B7,PickedPlayers!D:Q,12,FALSE) -> 0 | V7: =VLOOKUP($C7,Fixtures!A:I,8,FALSE) -> out | X7: =VLOOKUP($B7,PickedPlayers!D:Q,13,FALSE) -> 0 | Y7: =VLOOKUP($C7,Fixtures!A:I,9,FALSE) -> out | AA7: =VLOOKUP($B7,PickedPlayers!D:Q,14,FALSE) -> 0
A8: DEF | B8: R. James | C8: England | D8: =VLOOKUP($C8,Fixtures!A:I,2,FALSE) -> CRO | E8: Sub 2 | F8: =VLOOKUP($B8,PickedPlayers!D:Q,7,FALSE) -> 0 | G8: =VLOOKUP($C8,Fixtures!A:I,3,FALSE) -> GHA | H8: Picked | I8: =VLOOKUP($B8,PickedPlayers!D:Q,8,FALSE) -> 0 | J8: =VLOOKUP($C8,Fixtures!A:I,4,FALSE) -> PAN | K8: Subbed Off | L8: =VLOOKUP($B8,PickedPlayers!D:Q,9,FALSE) -> 0 | M8: =VLOOKUP($C8,Fixtures!A:I,5,FALSE) -> CON | N8: Sub 4 | O8: =VLOOKUP($B8,PickedPlayers!D:Q,10,FALSE) -> 0 | P8: =VLOOKUP($C8,Fixtures!A:I,6,FALSE) -> MEX | Q8: Picked | R8: =VLOOKUP($B8,PickedPlayers!D:Q,11,FALSE) -> 0 | S8: =VLOOKUP($C8,Fixtures!A:I,7,FALSE) -> TBC | U8: =VLOOKUP($B8,PickedPlayers!D:Q,12,FALSE) -> 0 | V8: =VLOOKUP($C8,Fixtures!A:I,8,FALSE) -> TBC | X8: =VLOOKUP($B8,PickedPlayers!D:Q,13,FALSE) -> 0 | Y8: =VLOOKUP($C8,Fixtures!A:I,9,FALSE) -> TBC | AA8: =VLOOKUP($B8,PickedPlayers!D:Q,14,FALSE) -> 0
A9: DEF | B9: M. van de Ven | C9: Netherlands | D9: =VLOOKUP($C9,Fixtures!A:I,2,FALSE) -> JAP | E9: Picked | F9: =VLOOKUP($B9,PickedPlayers!D:Q,7,FALSE) -> 0 | G9: =VLOOKUP($C9,Fixtures!A:I,3,FALSE) -> SWE | H9: Sub 3 | I9: =VLOOKUP($B9,PickedPlayers!D:Q,8,FALSE) -> 0 | J9: =VLOOKUP($C9,Fixtures!A:I,4,FALSE) -> TUN | K9: Sub 2 | L9: =VLOOKUP($B9,PickedPlayers!D:Q,9,FALSE) -> 0 | M9: =VLOOKUP($C9,Fixtures!A:I,5,FALSE) -> MOR | N9: Picked | O9: =VLOOKUP($B9,PickedPlayers!D:Q,10,FALSE) -> 0 | P9: =VLOOKUP($C9,Fixtures!A:I,6,FALSE) -> out | R9: =VLOOKUP($B9,PickedPlayers!D:Q,11,FALSE) -> 0 | S9: =VLOOKUP($C9,Fixtures!A:I,7,FALSE) -> out | U9: =VLOOKUP($B9,PickedPlayers!D:Q,12,FALSE) -> 0 | V9: =VLOOKUP($C9,Fixtures!A:I,8,FALSE) -> out | X9: =VLOOKUP($B9,PickedPlayers!D:Q,13,FALSE) -> 0 | Y9: =VLOOKUP($C9,Fixtures!A:I,9,FALSE) -> out | AA9: =VLOOKUP($B9,PickedPlayers!D:Q,14,FALSE) -> 0
A10: MID | B10: M. Olise | C10: France | D10: =VLOOKUP($C10,Fixtures!A:I,2,FALSE) -> SEN | E10: Vice Captain | F10: =VLOOKUP($B10,PickedPlayers!D:Q,7,FALSE) -> 0 | G10: =VLOOKUP($C10,Fixtures!A:I,3,FALSE) -> IRQ | H10: Captain | I10: =VLOOKUP($B10,PickedPlayers!D:Q,8,FALSE) -> 0 | J10: =VLOOKUP($C10,Fixtures!A:I,4,FALSE) -> NOR | K10: Picked | L10: =VLOOKUP($B10,PickedPlayers!D:Q,9,FALSE) -> 0 | M10: =VLOOKUP($C10,Fixtures!A:I,5,FALSE) -> SWE | N10: Captain | O10: =VLOOKUP($B10,PickedPlayers!D:Q,10,FALSE) -> 0 | P10: =VLOOKUP($C10,Fixtures!A:I,6,FALSE) -> PAR | Q10: Captain | R10: =VLOOKUP($B10,PickedPlayers!D:Q,11,FALSE) -> 0 | S10: =VLOOKUP($C10,Fixtures!A:I,7,FALSE) -> TBC | U10: =VLOOKUP($B10,PickedPlayers!D:Q,12,FALSE) -> 0 | V10: =VLOOKUP($C10,Fixtures!A:I,8,FALSE) -> TBC | X10: =VLOOKUP($B10,PickedPlayers!D:Q,13,FALSE) -> 0 | Y10: =VLOOKUP($C10,Fixtures!A:I,9,FALSE) -> TBC | AA10: =VLOOKUP($B10,PickedPlayers!D:Q,14,FALSE) -> 0
A11: MID | B11: F. Wirtz | C11: Germany | D11: =VLOOKUP($C11,Fixtures!A:I,2,FALSE) -> CUR | E11: Captain | F11: =VLOOKUP($B11,PickedPlayers!D:Q,7,FALSE) -> 0 | G11: =VLOOKUP($C11,Fixtures!A:I,3,FALSE) -> IVO | H11: Picked | I11: =VLOOKUP($B11,PickedPlayers!D:Q,8,FALSE) -> 0 | J11: =VLOOKUP($C11,Fixtures!A:I,4,FALSE) -> ECU | K11: Picked | L11: =VLOOKUP($B11,PickedPlayers!D:Q,9,FALSE) -> 0 | M11: =VLOOKUP($C11,Fixtures!A:I,5,FALSE) -> PAR | N11: Picked | O11: =VLOOKUP($B11,PickedPlayers!D:Q,10,FALSE) -> 0 | P11: =VLOOKUP($C11,Fixtures!A:I,6,FALSE) -> out | R11: =VLOOKUP($B11,PickedPlayers!D:Q,11,FALSE) -> 0 | S11: =VLOOKUP($C11,Fixtures!A:I,7,FALSE) -> out | U11: =VLOOKUP($B11,PickedPlayers!D:Q,12,FALSE) -> 0 | V11: =VLOOKUP($C11,Fixtures!A:I,8,FALSE) -> out | X11: =VLOOKUP($B11,PickedPlayers!D:Q,13,FALSE) -> 0 | Y11: =VLOOKUP($C11,Fixtures!A:I,9,FALSE) -> out | AA11: =VLOOKUP($B11,PickedPlayers!D:Q,14,FALSE) -> 0
A12: MID | B12: Bernardo Silva | C12: Portugal | D12: =VLOOKUP($C12,Fixtures!A:I,2,FALSE) -> CON | E12: Picked | F12: =VLOOKUP($B12,PickedPlayers!D:Q,7,FALSE) -> 0 | G12: =VLOOKUP($C12,Fixtures!A:I,3,FALSE) -> UZB | H12: Picked | I12: =VLOOKUP($B12,PickedPlayers!D:Q,8,FALSE) -> 0 | J12: =VLOOKUP($C12,Fixtures!A:I,4,FALSE) -> COL | K12: Sub 4 | L12: =VLOOKUP($B12,PickedPlayers!D:Q,9,FALSE) -> 0 | M12: =VLOOKUP($C12,Fixtures!A:I,5,FALSE) -> CRO | N12: Sub 3 | O12: =VLOOKUP($B12,PickedPlayers!D:Q,10,FALSE) -> 0 | P12: =VLOOKUP($C12,Fixtures!A:I,6,FALSE) -> SPA | Q12: Picked | R12: =VLOOKUP($B12,PickedPlayers!D:Q,11,FALSE) -> 0 | S12: =VLOOKUP($C12,Fixtures!A:I,7,FALSE) -> TBC | U12: =VLOOKUP($B12,PickedPlayers!D:Q,12,FALSE) -> 0 | V12: =VLOOKUP($C12,Fixtures!A:I,8,FALSE) -> TBC | X12: =VLOOKUP($B12,PickedPlayers!D:Q,13,FALSE) -> 0 | Y12: =VLOOKUP($C12,Fixtures!A:I,9,FALSE) -> TBC | AA12: =VLOOKUP($B12,PickedPlayers!D:Q,14,FALSE) -> 0
A13: MID | B13: R. Gravenberch | C13: Netherlands | D13: =VLOOKUP($C13,Fixtures!A:I,2,FALSE) -> JAP | E13: Sub 1 | F13: =VLOOKUP($B13,PickedPlayers!D:Q,7,FALSE) -> 0 | G13: =VLOOKUP($C13,Fixtures!A:I,3,FALSE) -> SWE | H13: Sub 2 | I13: =VLOOKUP($B13,PickedPlayers!D:Q,8,FALSE) -> 0 | J13: =VLOOKUP($C13,Fixtures!A:I,4,FALSE) -> TUN | K13: Picked | L13: =VLOOKUP($B13,PickedPlayers!D:Q,9,FALSE) -> 0 | M13: =VLOOKUP($C13,Fixtures!A:I,5,FALSE) -> MOR | N13: Picked | O13: =VLOOKUP($B13,PickedPlayers!D:Q,10,FALSE) -> 0 | P13: =VLOOKUP($C13,Fixtures!A:I,6,FALSE) -> out | R13: =VLOOKUP($B13,PickedPlayers!D:Q,11,FALSE) -> 0 | S13: =VLOOKUP($C13,Fixtures!A:I,7,FALSE) -> out | U13: =VLOOKUP($B13,PickedPlayers!D:Q,12,FALSE) -> 0 | V13: =VLOOKUP($C13,Fixtures!A:I,8,FALSE) -> out | X13: =VLOOKUP($B13,PickedPlayers!D:Q,13,FALSE) -> 0 | Y13: =VLOOKUP($C13,Fixtures!A:I,9,FALSE) -> out | AA13: =VLOOKUP($B13,PickedPlayers!D:Q,14,FALSE) -> 0
A14: MID | B14: A. Nusa | C14: Norway | D14: =VLOOKUP($C14,Fixtures!A:I,2,FALSE) -> IRQ | E14: Picked | F14: =VLOOKUP($B14,PickedPlayers!D:Q,7,FALSE) -> 0 | G14: =VLOOKUP($C14,Fixtures!A:I,3,FALSE) -> SEN | H14: Sub 1 | I14: =VLOOKUP($B14,PickedPlayers!D:Q,8,FALSE) -> 0 | J14: =VLOOKUP($C14,Fixtures!A:I,4,FALSE) -> FRA | K14: Picked | L14: =VLOOKUP($B14,PickedPlayers!D:Q,9,FALSE) -> 0 | M14: =VLOOKUP($C14,Fixtures!A:I,5,FALSE) -> IVO | N14: Picked | O14: =VLOOKUP($B14,PickedPlayers!D:Q,10,FALSE) -> 0 | P14: =VLOOKUP($C14,Fixtures!A:I,6,FALSE) -> BRA | Q14: Picked | R14: =VLOOKUP($B14,PickedPlayers!D:Q,11,FALSE) -> 0 | S14: =VLOOKUP($C14,Fixtures!A:I,7,FALSE) -> TBC | U14: =VLOOKUP($B14,PickedPlayers!D:Q,12,FALSE) -> 0 | V14: =VLOOKUP($C14,Fixtures!A:I,8,FALSE) -> TBC | X14: =VLOOKUP($B14,PickedPlayers!D:Q,13,FALSE) -> 0 | Y14: =VLOOKUP($C14,Fixtures!A:I,9,FALSE) -> TBC | AA14: =VLOOKUP($B14,PickedPlayers!D:Q,14,FALSE) -> 0
A15: FWD | B15: Mikel Oyarzabal | C15: Spain | D15: =VLOOKUP($C15,Fixtures!A:I,2,FALSE) -> CAP | E15: Picked | F15: =VLOOKUP($B15,PickedPlayers!D:Q,7,FALSE) -> 0 | G15: =VLOOKUP($C15,Fixtures!A:I,3,FALSE) -> SAU | H15: Vice Captain | I15: =VLOOKUP($B15,PickedPlayers!D:Q,8,FALSE) -> 0 | J15: =VLOOKUP($C15,Fixtures!A:I,4,FALSE) -> URU | K15: Vice Captain | L15: =VLOOKUP($B15,PickedPlayers!D:Q,9,FALSE) -> 0 | M15: =VLOOKUP($C15,Fixtures!A:I,5,FALSE) -> AUS | N15: Vice Captain | O15: =VLOOKUP($B15,PickedPlayers!D:Q,10,FALSE) -> 0 | P15: =VLOOKUP($C15,Fixtures!A:I,6,FALSE) -> POR | Q15: Picked | R15: =VLOOKUP($B15,PickedPlayers!D:Q,11,FALSE) -> 0 | S15: =VLOOKUP($C15,Fixtures!A:I,7,FALSE) -> TBC | U15: =VLOOKUP($B15,PickedPlayers!D:Q,12,FALSE) -> 0 | V15: =VLOOKUP($C15,Fixtures!A:I,8,FALSE) -> TBC | X15: =VLOOKUP($B15,PickedPlayers!D:Q,13,FALSE) -> 0 | Y15: =VLOOKUP($C15,Fixtures!A:I,9,FALSE) -> TBC | AA15: =VLOOKUP($B15,PickedPlayers!D:Q,14,FALSE) -> 0
A16: FWD | B16: V. Gyökeres | C16: Sweden | D16: =VLOOKUP($C16,Fixtures!A:I,2,FALSE) -> TUN | E16: Picked | F16: =VLOOKUP($B16,PickedPlayers!D:Q,7,FALSE) -> 0 | G16: =VLOOKUP($C16,Fixtures!A:I,3,FALSE) -> NED | H16: Picked | I16: =VLOOKUP($B16,PickedPlayers!D:Q,8,FALSE) -> 0 | J16: =VLOOKUP($C16,Fixtures!A:I,4,FALSE) -> JAP | K16: Picked | L16: =VLOOKUP($B16,PickedPlayers!D:Q,9,FALSE) -> 0 | M16: =VLOOKUP($C16,Fixtures!A:I,5,FALSE) -> FRA | N16: Picked | O16: =VLOOKUP($B16,PickedPlayers!D:Q,10,FALSE) -> 0 | P16: =VLOOKUP($C16,Fixtures!A:I,6,FALSE) -> out | R16: =VLOOKUP($B16,PickedPlayers!D:Q,11,FALSE) -> 0 | S16: =VLOOKUP($C16,Fixtures!A:I,7,FALSE) -> out | U16: =VLOOKUP($B16,PickedPlayers!D:Q,12,FALSE) -> 0 | V16: =VLOOKUP($C16,Fixtures!A:I,8,FALSE) -> out | X16: =VLOOKUP($B16,PickedPlayers!D:Q,13,FALSE) -> 0 | Y16: =VLOOKUP($C16,Fixtures!A:I,9,FALSE) -> out | AA16: =VLOOKUP($B16,PickedPlayers!D:Q,14,FALSE) -> 0
A17: FWD | B17: Son Heung-Min | C17: South Korea | D17: =VLOOKUP($C17,Fixtures!A:I,2,FALSE) -> CZE | E17: Picked | F17: =VLOOKUP($B17,PickedPlayers!D:Q,7,FALSE) -> 0 | G17: =VLOOKUP($C17,Fixtures!A:I,3,FALSE) -> MEX | H17: Picked | I17: =VLOOKUP($B17,PickedPlayers!D:Q,8,FALSE) -> 0 | J17: =VLOOKUP($C17,Fixtures!A:I,4,FALSE) -> SOU | K17: Picked | L17: =VLOOKUP($B17,PickedPlayers!D:Q,9,FALSE) -> 0 | M17: CUT | P17: CUT | S17: CUT | V17: CUT | Y17: CUT
A18: FWD | B18: B. Brobbey | C18: Netherlands | M18: =VLOOKUP($C18,Fixtures!A:I,5,FALSE) -> MOR | N18: Picked | O18: =VLOOKUP($B18,PickedPlayers!D:Q,10,FALSE) -> 0 | P18: =VLOOKUP($C18,Fixtures!A:I,6,FALSE) -> out | R18: =VLOOKUP($B18,PickedPlayers!D:Q,11,FALSE) -> 0 | S18: =VLOOKUP($C18,Fixtures!A:I,7,FALSE) -> out | U18: =VLOOKUP($B18,PickedPlayers!D:Q,12,FALSE) -> 0 | V18: =VLOOKUP($C18,Fixtures!A:I,8,FALSE) -> out | X18: =VLOOKUP($B18,PickedPlayers!D:Q,13,FALSE) -> 0 | Y18: =VLOOKUP($C18,Fixtures!A:I,9,FALSE) -> out | AA18: =VLOOKUP($B18,PickedPlayers!D:Q,14,FALSE) -> 0
A19: FWD | B19: O. Watkins | C19: England | D19: =VLOOKUP($C19,Fixtures!A:I,2,FALSE) -> CRO | E19: Sub 4 | F19: =VLOOKUP($B19,PickedPlayers!D:Q,7,FALSE) -> 0 | G19: =VLOOKUP($C19,Fixtures!A:I,3,FALSE) -> GHA | H19: Sub 4 | I19: =VLOOKUP($B19,PickedPlayers!D:Q,8,FALSE) -> 0 | J19: =VLOOKUP($C19,Fixtures!A:I,4,FALSE) -> PAN | K19: Sub 1 | L19: =VLOOKUP($B19,PickedPlayers!D:Q,9,FALSE) -> 0 | M19: =VLOOKUP($C19,Fixtures!A:I,5,FALSE) -> CON | N19: Sub 2 | O19: =VLOOKUP($B19,PickedPlayers!D:Q,10,FALSE) -> 0 | P19: =VLOOKUP($C19,Fixtures!A:I,6,FALSE) -> MEX | Q19: Picked | R19: =VLOOKUP($B19,PickedPlayers!D:Q,11,FALSE) -> 0 | S19: =VLOOKUP($C19,Fixtures!A:I,7,FALSE) -> TBC | U19: =VLOOKUP($B19,PickedPlayers!D:Q,12,FALSE) -> 0 | V19: =VLOOKUP($C19,Fixtures!A:I,8,FALSE) -> TBC | X19: =VLOOKUP($B19,PickedPlayers!D:Q,13,FALSE) -> 0 | Y19: =VLOOKUP($C19,Fixtures!A:I,9,FALSE) -> TBC | AA19: =VLOOKUP($B19,PickedPlayers!D:Q,14,FALSE) -> 0

Sheet WillT
A1: 1 Captain 1 Sub | D1: Group (1) | G1: Group (2) | J1: Group (3) | M1: Last 32 | P1: Last 16 | S1: Quarter Final | V1: Semi Final | Y1: 3rd Place / Final
A2: Position | B2: Player | C2: Nationality | D2: Opposition | E2: Selection | F2: Points | G2: Opposition | H2: Selection | I2: Points | J2: Opposition | K2: Selection | L2: Points | M2: Opposition | N2: Selection | O2: Points | P2: Opposition | Q2: Selection | R2: Points | S2: Opposition | T2: Selection | U2: Points | V2: Opposition | W2: Selection | X2: Points | Y2: Opposition | Z2: Selection | AA2: Points
A3: GK | B3: Alisson Becker | C3: Brazil | D3: =VLOOKUP($C3,Fixtures!A:I,2,FALSE) -> MOR | E3: Picked | F3: =VLOOKUP($B3,PickedPlayers!D:Q,7,FALSE) -> 0 | G3: =VLOOKUP($C3,Fixtures!A:I,3,FALSE) -> HAI | H3: Picked | I3: =VLOOKUP($B3,PickedPlayers!D:Q,8,FALSE) -> 0 | J3: =VLOOKUP($C3,Fixtures!A:I,4,FALSE) -> SCO | K3: Picked | L3: =VLOOKUP($B3,PickedPlayers!D:Q,9,FALSE) -> 0 | M3: =VLOOKUP($C3,Fixtures!A:I,5,FALSE) -> JAP | N3: Sub GK | O3: =VLOOKUP($B3,PickedPlayers!D:Q,10,FALSE) -> 0 | P3: =VLOOKUP($C3,Fixtures!A:I,6,FALSE) -> NOR | Q3: Sub GK | R3: =VLOOKUP($B3,PickedPlayers!D:Q,11,FALSE) -> 0 | S3: =VLOOKUP($C3,Fixtures!A:I,7,FALSE) -> TBC | U3: =VLOOKUP($B3,PickedPlayers!D:Q,12,FALSE) -> 0 | V3: =VLOOKUP($C3,Fixtures!A:I,8,FALSE) -> TBC | X3: =VLOOKUP($B3,PickedPlayers!D:Q,13,FALSE) -> 0 | Y3: =VLOOKUP($C3,Fixtures!A:I,9,FALSE) -> TBC | AA3: =VLOOKUP($B3,PickedPlayers!D:Q,14,FALSE) -> 0
A4: GK | B4: M. Freese | C4: USA | D4: =VLOOKUP($C4,Fixtures!A:I,2,FALSE) -> PAR | E4: Sub GK | F4: =VLOOKUP($B4,PickedPlayers!D:Q,7,FALSE) -> 0 | G4: =VLOOKUP($C4,Fixtures!A:I,3,FALSE) -> AUS | H4: Sub GK | I4: =VLOOKUP($B4,PickedPlayers!D:Q,8,FALSE) -> 0 | J4: =VLOOKUP($C4,Fixtures!A:I,4,FALSE) -> TUR | K4: Sub GK | L4: =VLOOKUP($B4,PickedPlayers!D:Q,9,FALSE) -> 0 | M4: =VLOOKUP($C4,Fixtures!A:I,5,FALSE) -> BOS | N4: Picked | O4: =VLOOKUP($B4,PickedPlayers!D:Q,10,FALSE) -> 0 | P4: =VLOOKUP($C4,Fixtures!A:I,6,FALSE) -> BEL | Q4: Picked | R4: =VLOOKUP($B4,PickedPlayers!D:Q,11,FALSE) -> 0 | S4: =VLOOKUP($C4,Fixtures!A:I,7,FALSE) -> TBC | U4: =VLOOKUP($B4,PickedPlayers!D:Q,12,FALSE) -> 0 | V4: =VLOOKUP($C4,Fixtures!A:I,8,FALSE) -> TBC | X4: =VLOOKUP($B4,PickedPlayers!D:Q,13,FALSE) -> 0 | Y4: =VLOOKUP($C4,Fixtures!A:I,9,FALSE) -> TBC | AA4: =VLOOKUP($B4,PickedPlayers!D:Q,14,FALSE) -> 0
A5: DEF | B5: N. O'Reilly | C5: England | D5: =VLOOKUP($C5,Fixtures!A:I,2,FALSE) -> CRO | E5: Picked | F5: =VLOOKUP($B5,PickedPlayers!D:Q,7,FALSE) -> 0 | G5: =VLOOKUP($C5,Fixtures!A:I,3,FALSE) -> GHA | H5: Picked | I5: =VLOOKUP($B5,PickedPlayers!D:Q,8,FALSE) -> 0 | J5: =VLOOKUP($C5,Fixtures!A:I,4,FALSE) -> PAN | K5: Picked | L5: =VLOOKUP($B5,PickedPlayers!D:Q,9,FALSE) -> 0 | M5: =VLOOKUP($C5,Fixtures!A:I,5,FALSE) -> CON | N5: Picked | O5: =VLOOKUP($B5,PickedPlayers!D:Q,10,FALSE) -> 0 | P5: =VLOOKUP($C5,Fixtures!A:I,6,FALSE) -> MEX | Q5: Picked | R5: =VLOOKUP($B5,PickedPlayers!D:Q,11,FALSE) -> 0 | S5: =VLOOKUP($C5,Fixtures!A:I,7,FALSE) -> TBC | U5: =VLOOKUP($B5,PickedPlayers!D:Q,12,FALSE) -> 0 | V5: =VLOOKUP($C5,Fixtures!A:I,8,FALSE) -> TBC | X5: =VLOOKUP($B5,PickedPlayers!D:Q,13,FALSE) -> 0 | Y5: =VLOOKUP($C5,Fixtures!A:I,9,FALSE) -> TBC | AA5: =VLOOKUP($B5,PickedPlayers!D:Q,14,FALSE) -> 0
A6: DEF | B6: D. Raum | C6: Germany | D6: =VLOOKUP($C6,Fixtures!A:I,2,FALSE) -> CUR | E6: Vice Captain | F6: =VLOOKUP($B6,PickedPlayers!D:Q,7,FALSE) -> 0 | G6: =VLOOKUP($C6,Fixtures!A:I,3,FALSE) -> IVO | H6: Sub 4 | I6: =VLOOKUP($B6,PickedPlayers!D:Q,8,FALSE) -> 0 | J6: =VLOOKUP($C6,Fixtures!A:I,4,FALSE) -> ECU | K6: Sub 4 | L6: =VLOOKUP($B6,PickedPlayers!D:Q,9,FALSE) -> 0 | M6: =VLOOKUP($C6,Fixtures!A:I,5,FALSE) -> PAR | N6: Sub 4 | O6: =VLOOKUP($B6,PickedPlayers!D:Q,10,FALSE) -> 0 | P6: =VLOOKUP($C6,Fixtures!A:I,6,FALSE) -> out | R6: =VLOOKUP($B6,PickedPlayers!D:Q,11,FALSE) -> 0 | S6: =VLOOKUP($C6,Fixtures!A:I,7,FALSE) -> out | U6: =VLOOKUP($B6,PickedPlayers!D:Q,12,FALSE) -> 0 | V6: =VLOOKUP($C6,Fixtures!A:I,8,FALSE) -> out | X6: =VLOOKUP($B6,PickedPlayers!D:Q,13,FALSE) -> 0 | Y6: =VLOOKUP($C6,Fixtures!A:I,9,FALSE) -> out | AA6: =VLOOKUP($B6,PickedPlayers!D:Q,14,FALSE) -> 0
A7: DEF | B7: Marquinhos | C7: Brazil | D7: =VLOOKUP($C7,Fixtures!A:I,2,FALSE) -> MOR | E7: Picked | F7: =VLOOKUP($B7,PickedPlayers!D:Q,7,FALSE) -> 0 | G7: =VLOOKUP($C7,Fixtures!A:I,3,FALSE) -> HAI | H7: Captain | I7: =VLOOKUP($B7,PickedPlayers!D:Q,8,FALSE) -> 0 | J7: =VLOOKUP($C7,Fixtures!A:I,4,FALSE) -> SCO | K7: Picked | L7: =VLOOKUP($B7,PickedPlayers!D:Q,9,FALSE) -> 0 | M7: =VLOOKUP($C7,Fixtures!A:I,5,FALSE) -> JAP | N7: Picked | O7: =VLOOKUP($B7,PickedPlayers!D:Q,10,FALSE) -> 0 | P7: =VLOOKUP($C7,Fixtures!A:I,6,FALSE) -> NOR | Q7: Picked | R7: =VLOOKUP($B7,PickedPlayers!D:Q,11,FALSE) -> 0 | S7: =VLOOKUP($C7,Fixtures!A:I,7,FALSE) -> TBC | U7: =VLOOKUP($B7,PickedPlayers!D:Q,12,FALSE) -> 0 | V7: =VLOOKUP($C7,Fixtures!A:I,8,FALSE) -> TBC | X7: =VLOOKUP($B7,PickedPlayers!D:Q,13,FALSE) -> 0 | Y7: =VLOOKUP($C7,Fixtures!A:I,9,FALSE) -> TBC | AA7: =VLOOKUP($B7,PickedPlayers!D:Q,14,FALSE) -> 0
A8: DEF | B8: Rúben Dias | C8: Portugal | D8: =VLOOKUP($C8,Fixtures!A:I,2,FALSE) -> CON | E8: Subbed Off | F8: =VLOOKUP($B8,PickedPlayers!D:Q,7,FALSE) -> 0 | G8: =VLOOKUP($C8,Fixtures!A:I,3,FALSE) -> UZB | H8: Picked | I8: =VLOOKUP($B8,PickedPlayers!D:Q,8,FALSE) -> 0 | J8: =VLOOKUP($C8,Fixtures!A:I,4,FALSE) -> COL | K8: Picked | L8: =VLOOKUP($B8,PickedPlayers!D:Q,9,FALSE) -> 0 | M8: =VLOOKUP($C8,Fixtures!A:I,5,FALSE) -> CRO | N8: Sub 2 | O8: =VLOOKUP($B8,PickedPlayers!D:Q,10,FALSE) -> 0 | P8: =VLOOKUP($C8,Fixtures!A:I,6,FALSE) -> SPA | Q8: Sub 2 | R8: =VLOOKUP($B8,PickedPlayers!D:Q,11,FALSE) -> 0 | S8: =VLOOKUP($C8,Fixtures!A:I,7,FALSE) -> TBC | U8: =VLOOKUP($B8,PickedPlayers!D:Q,12,FALSE) -> 0 | V8: =VLOOKUP($C8,Fixtures!A:I,8,FALSE) -> TBC | X8: =VLOOKUP($B8,PickedPlayers!D:Q,13,FALSE) -> 0 | Y8: =VLOOKUP($C8,Fixtures!A:I,9,FALSE) -> TBC | AA8: =VLOOKUP($B8,PickedPlayers!D:Q,14,FALSE) -> 0
A9: DEF | B9: Kim Min-Jae | C9: South Korea | D9: =VLOOKUP($C9,Fixtures!A:I,2,FALSE) -> CZE | E9: Sub 4 | F9: =VLOOKUP($B9,PickedPlayers!D:Q,7,FALSE) -> 0 | G9: =VLOOKUP($C9,Fixtures!A:I,3,FALSE) -> MEX | H9: Picked | I9: =VLOOKUP($B9,PickedPlayers!D:Q,8,FALSE) -> 0 | J9: =VLOOKUP($C9,Fixtures!A:I,4,FALSE) -> SOU | K9: Picked | L9: =VLOOKUP($B9,PickedPlayers!D:Q,9,FALSE) -> 0 | M9: CUT | P9: CUT | S9: CUT | V9: CUT | Y9: CUT
A10: DEF | B10: S. Dest | C10: USA | M10: =VLOOKUP($C10,Fixtures!A:I,5,FALSE) -> BOS | N10: Picked | O10: =VLOOKUP($B10,PickedPlayers!D:Q,10,FALSE) -> 0 | P10: =VLOOKUP($C10,Fixtures!A:I,6,FALSE) -> BEL | Q10: Picked | R10: =VLOOKUP($B10,PickedPlayers!D:Q,11,FALSE) -> 0 | S10: =VLOOKUP($C10,Fixtures!A:I,7,FALSE) -> TBC | U10: =VLOOKUP($B10,PickedPlayers!D:Q,12,FALSE) -> 0 | V10: =VLOOKUP($C10,Fixtures!A:I,8,FALSE) -> TBC | X10: =VLOOKUP($B10,PickedPlayers!D:Q,13,FALSE) -> 0 | Y10: =VLOOKUP($C10,Fixtures!A:I,9,FALSE) -> TBC | AA10: =VLOOKUP($B10,PickedPlayers!D:Q,14,FALSE) -> 0
A11: MID | B11: E. Fernández | C11: Argentina | D11: =VLOOKUP($C11,Fixtures!A:I,2,FALSE) -> ALG | E11: Picked | F11: =VLOOKUP($B11,PickedPlayers!D:Q,7,FALSE) -> 0 | G11: =VLOOKUP($C11,Fixtures!A:I,3,FALSE) -> AUT | H11: Vice Captain | I11: =VLOOKUP($B11,PickedPlayers!D:Q,8,FALSE) -> 0 | J11: =VLOOKUP($C11,Fixtures!A:I,4,FALSE) -> JOR | K11: Subbed Off | L11: =VLOOKUP($B11,PickedPlayers!D:Q,9,FALSE) -> 0 | M11: =VLOOKUP($C11,Fixtures!A:I,5,FALSE) -> CAP | N11: Picked | O11: =VLOOKUP($B11,PickedPlayers!D:Q,10,FALSE) -> 0 | P11: =VLOOKUP($C11,Fixtures!A:I,6,FALSE) -> TBC | Q11: Sub 1 | R11: =VLOOKUP($B11,PickedPlayers!D:Q,11,FALSE) -> 0 | S11: =VLOOKUP($C11,Fixtures!A:I,7,FALSE) -> TBC | U11: =VLOOKUP($B11,PickedPlayers!D:Q,12,FALSE) -> 0 | V11: =VLOOKUP($C11,Fixtures!A:I,8,FALSE) -> TBC | X11: =VLOOKUP($B11,PickedPlayers!D:Q,13,FALSE) -> 0 | Y11: =VLOOKUP($C11,Fixtures!A:I,9,FALSE) -> TBC | AA11: =VLOOKUP($B11,PickedPlayers!D:Q,14,FALSE) -> 0
A12: MID | B12: Pedri | C12: Spain | D12: =VLOOKUP($C12,Fixtures!A:I,2,FALSE) -> CAP | E12: Picked | F12: =VLOOKUP($B12,PickedPlayers!D:Q,7,FALSE) -> 0 | G12: =VLOOKUP($C12,Fixtures!A:I,3,FALSE) -> SAU | H12: Picked | I12: =VLOOKUP($B12,PickedPlayers!D:Q,8,FALSE) -> 0 | J12: =VLOOKUP($C12,Fixtures!A:I,4,FALSE) -> URU | K12: Picked | L12: =VLOOKUP($B12,PickedPlayers!D:Q,9,FALSE) -> 0 | M12: =VLOOKUP($C12,Fixtures!A:I,5,FALSE) -> AUS | N12: Picked | O12: =VLOOKUP($B12,PickedPlayers!D:Q,10,FALSE) -> 0 | P12: =VLOOKUP($C12,Fixtures!A:I,6,FALSE) -> POR | Q12: Picked | R12: =VLOOKUP($B12,PickedPlayers!D:Q,11,FALSE) -> 0 | S12: =VLOOKUP($C12,Fixtures!A:I,7,FALSE) -> TBC | U12: =VLOOKUP($B12,PickedPlayers!D:Q,12,FALSE) -> 0 | V12: =VLOOKUP($C12,Fixtures!A:I,8,FALSE) -> TBC | X12: =VLOOKUP($B12,PickedPlayers!D:Q,13,FALSE) -> 0 | Y12: =VLOOKUP($C12,Fixtures!A:I,9,FALSE) -> TBC | AA12: =VLOOKUP($B12,PickedPlayers!D:Q,14,FALSE) -> 0
A13: MID | B13: E. Anderson | C13: England | D13: =VLOOKUP($C13,Fixtures!A:I,2,FALSE) -> CRO | E13: Picked | F13: =VLOOKUP($B13,PickedPlayers!D:Q,7,FALSE) -> 0 | G13: =VLOOKUP($C13,Fixtures!A:I,3,FALSE) -> GHA | H13: Picked | I13: =VLOOKUP($B13,PickedPlayers!D:Q,8,FALSE) -> 0 | J13: =VLOOKUP($C13,Fixtures!A:I,4,FALSE) -> PAN | K13: Picked | L13: =VLOOKUP($B13,PickedPlayers!D:Q,9,FALSE) -> 0 | M13: =VLOOKUP($C13,Fixtures!A:I,5,FALSE) -> CON | N13: Picked | O13: =VLOOKUP($B13,PickedPlayers!D:Q,10,FALSE) -> 0 | P13: =VLOOKUP($C13,Fixtures!A:I,6,FALSE) -> MEX | Q13: Picked | R13: =VLOOKUP($B13,PickedPlayers!D:Q,11,FALSE) -> 0 | S13: =VLOOKUP($C13,Fixtures!A:I,7,FALSE) -> TBC | U13: =VLOOKUP($B13,PickedPlayers!D:Q,12,FALSE) -> 0 | V13: =VLOOKUP($C13,Fixtures!A:I,8,FALSE) -> TBC | X13: =VLOOKUP($B13,PickedPlayers!D:Q,13,FALSE) -> 0 | Y13: =VLOOKUP($C13,Fixtures!A:I,9,FALSE) -> TBC | AA13: =VLOOKUP($B13,PickedPlayers!D:Q,14,FALSE) -> 0
A14: MID | B14: A. Tchouaméni | C14: France | D14: =VLOOKUP($C14,Fixtures!A:I,2,FALSE) -> SEN | E14: Picked | F14: =VLOOKUP($B14,PickedPlayers!D:Q,7,FALSE) -> 0 | G14: =VLOOKUP($C14,Fixtures!A:I,3,FALSE) -> IRQ | H14: Subbed Off | I14: =VLOOKUP($B14,PickedPlayers!D:Q,8,FALSE) -> 0 | J14: =VLOOKUP($C14,Fixtures!A:I,4,FALSE) -> NOR | K14: Picked | L14: =VLOOKUP($B14,PickedPlayers!D:Q,9,FALSE) -> 0 | M14: =VLOOKUP($C14,Fixtures!A:I,5,FALSE) -> SWE | N14: Picked | O14: =VLOOKUP($B14,PickedPlayers!D:Q,10,FALSE) -> 0 | P14: =VLOOKUP($C14,Fixtures!A:I,6,FALSE) -> PAR | Q14: Vice Captain | R14: =VLOOKUP($B14,PickedPlayers!D:Q,11,FALSE) -> 0 | S14: =VLOOKUP($C14,Fixtures!A:I,7,FALSE) -> TBC | U14: =VLOOKUP($B14,PickedPlayers!D:Q,12,FALSE) -> 0 | V14: =VLOOKUP($C14,Fixtures!A:I,8,FALSE) -> TBC | X14: =VLOOKUP($B14,PickedPlayers!D:Q,13,FALSE) -> 0 | Y14: =VLOOKUP($C14,Fixtures!A:I,9,FALSE) -> TBC | AA14: =VLOOKUP($B14,PickedPlayers!D:Q,14,FALSE) -> 0
A15: FWD | B15: Lamine Yamal | C15: Spain | D15: =VLOOKUP($C15,Fixtures!A:I,2,FALSE) -> CAP | E15: Sub 1 | F15: =VLOOKUP($B15,PickedPlayers!D:Q,7,FALSE) -> 0 | G15: =VLOOKUP($C15,Fixtures!A:I,3,FALSE) -> SAU | H15: Picked | I15: =VLOOKUP($B15,PickedPlayers!D:Q,8,FALSE) -> 0 | J15: =VLOOKUP($C15,Fixtures!A:I,4,FALSE) -> URU | K15: Captain | L15: =VLOOKUP($B15,PickedPlayers!D:Q,9,FALSE) -> 0 | M15: =VLOOKUP($C15,Fixtures!A:I,5,FALSE) -> AUS | N15: Captain | O15: =VLOOKUP($B15,PickedPlayers!D:Q,10,FALSE) -> 0 | P15: =VLOOKUP($C15,Fixtures!A:I,6,FALSE) -> POR | Q15: Captain | R15: =VLOOKUP($B15,PickedPlayers!D:Q,11,FALSE) -> 0 | S15: =VLOOKUP($C15,Fixtures!A:I,7,FALSE) -> TBC | U15: =VLOOKUP($B15,PickedPlayers!D:Q,12,FALSE) -> 0 | V15: =VLOOKUP($C15,Fixtures!A:I,8,FALSE) -> TBC | X15: =VLOOKUP($B15,PickedPlayers!D:Q,13,FALSE) -> 0 | Y15: =VLOOKUP($C15,Fixtures!A:I,9,FALSE) -> TBC | AA15: =VLOOKUP($B15,PickedPlayers!D:Q,14,FALSE) -> 0
A16: FWD | B16: E. Haaland | C16: Norway | D16: =VLOOKUP($C16,Fixtures!A:I,2,FALSE) -> IRQ | E16: Captain | F16: =VLOOKUP($B16,PickedPlayers!D:Q,7,FALSE) -> 0 | G16: =VLOOKUP($C16,Fixtures!A:I,3,FALSE) -> SEN | H16: Picked | I16: =VLOOKUP($B16,PickedPlayers!D:Q,8,FALSE) -> 0 | J16: =VLOOKUP($C16,Fixtures!A:I,4,FALSE) -> FRA | K16: Subbed Off | L16: =VLOOKUP($B16,PickedPlayers!D:Q,9,FALSE) -> 0 | M16: =VLOOKUP($C16,Fixtures!A:I,5,FALSE) -> IVO | N16: Vice Captain | O16: =VLOOKUP($B16,PickedPlayers!D:Q,10,FALSE) -> 0 | P16: =VLOOKUP($C16,Fixtures!A:I,6,FALSE) -> BRA | Q16: Picked | R16: =VLOOKUP($B16,PickedPlayers!D:Q,11,FALSE) -> 0 | S16: =VLOOKUP($C16,Fixtures!A:I,7,FALSE) -> TBC | U16: =VLOOKUP($B16,PickedPlayers!D:Q,12,FALSE) -> 0 | V16: =VLOOKUP($C16,Fixtures!A:I,8,FALSE) -> TBC | X16: =VLOOKUP($B16,PickedPlayers!D:Q,13,FALSE) -> 0 | Y16: =VLOOKUP($C16,Fixtures!A:I,9,FALSE) -> TBC | AA16: =VLOOKUP($B16,PickedPlayers!D:Q,14,FALSE) -> 0
A17: FWD | B17: D. Ndoye | C17: Switzerland | D17: =VLOOKUP($C17,Fixtures!A:I,2,FALSE) -> QAT | E17: Picked | F17: =VLOOKUP($B17,PickedPlayers!D:Q,7,FALSE) -> 0 | G17: =VLOOKUP($C17,Fixtures!A:I,3,FALSE) -> BOS | H17: Sub 1 | I17: =VLOOKUP($B17,PickedPlayers!D:Q,8,FALSE) -> 0 | J17: =VLOOKUP($C17,Fixtures!A:I,4,FALSE) -> CAN | K17: Sub 3 | L17: =VLOOKUP($B17,PickedPlayers!D:Q,9,FALSE) -> 0 | M17: =VLOOKUP($C17,Fixtures!A:I,5,FALSE) -> ALG | N17: Sub 3 | O17: =VLOOKUP($B17,PickedPlayers!D:Q,10,FALSE) -> 0 | P17: =VLOOKUP($C17,Fixtures!A:I,6,FALSE) -> TBC | Q17: Picked | R17: =VLOOKUP($B17,PickedPlayers!D:Q,11,FALSE) -> 0 | S17: =VLOOKUP($C17,Fixtures!A:I,7,FALSE) -> TBC | U17: =VLOOKUP($B17,PickedPlayers!D:Q,12,FALSE) -> 0 | V17: =VLOOKUP($C17,Fixtures!A:I,8,FALSE) -> TBC | X17: =VLOOKUP($B17,PickedPlayers!D:Q,13,FALSE) -> 0 | Y17: =VLOOKUP($C17,Fixtures!A:I,9,FALSE) -> TBC | AA17: =VLOOKUP($B17,PickedPlayers!D:Q,14,FALSE) -> 0
A18: FWD | B18: A. Isak | C18: Sweden | D18: =VLOOKUP($C18,Fixtures!A:I,2,FALSE) -> TUN | E18: Picked | F18: =VLOOKUP($B18,PickedPlayers!D:Q,7,FALSE) -> 0 | G18: =VLOOKUP($C18,Fixtures!A:I,3,FALSE) -> NED | H18: Picked | I18: =VLOOKUP($B18,PickedPlayers!D:Q,8,FALSE) -> 0 | J18: =VLOOKUP($C18,Fixtures!A:I,4,FALSE) -> JAP | K18: Picked | L18: =VLOOKUP($B18,PickedPlayers!D:Q,9,FALSE) -> 0 | M18: =VLOOKUP($C18,Fixtures!A:I,5,FALSE) -> FRA | N18: Sub 1 | O18: =VLOOKUP($B18,PickedPlayers!D:Q,10,FALSE) -> 0 | P18: =VLOOKUP($C18,Fixtures!A:I,6,FALSE) -> out | R18: =VLOOKUP($B18,PickedPlayers!D:Q,11,FALSE) -> 0 | S18: =VLOOKUP($C18,Fixtures!A:I,7,FALSE) -> out | U18: =VLOOKUP($B18,PickedPlayers!D:Q,12,FALSE) -> 0 | V18: =VLOOKUP($C18,Fixtures!A:I,8,FALSE) -> out | X18: =VLOOKUP($B18,PickedPlayers!D:Q,13,FALSE) -> 0 | Y18: =VLOOKUP($C18,Fixtures!A:I,9,FALSE) -> out | AA18: =VLOOKUP($B18,PickedPlayers!D:Q,14,FALSE) -> 0
A19: FWD | B19: R. Mofokeng | C19: South Africa | D19: =VLOOKUP($C19,Fixtures!A:I,2,FALSE) -> MEX | E19: Sub 2 | F19: =VLOOKUP($B19,PickedPlayers!D:Q,7,FALSE) -> 0 | G19: =VLOOKUP($C19,Fixtures!A:I,3,FALSE) -> CZE | H19: Sub 3 | I19: =VLOOKUP($B19,PickedPlayers!D:Q,8,FALSE) -> 0 | J19: =VLOOKUP($C19,Fixtures!A:I,4,FALSE) -> KOR | K19: Picked | L19: =VLOOKUP($B19,PickedPlayers!D:Q,9,FALSE) -> 0 | M19: =VLOOKUP($C19,Fixtures!A:I,5,FALSE) -> CAN | N19: Picked | O19: =VLOOKUP($B19,PickedPlayers!D:Q,10,FALSE) -> 0 | P19: =VLOOKUP($C19,Fixtures!A:I,6,FALSE) -> out | R19: =VLOOKUP($B19,PickedPlayers!D:Q,11,FALSE) -> 0 | S19: =VLOOKUP($C19,Fixtures!A:I,7,FALSE) -> out | U19: =VLOOKUP($B19,PickedPlayers!D:Q,12,FALSE) -> 0 | V19: =VLOOKUP($C19,Fixtures!A:I,8,FALSE) -> out | X19: =VLOOKUP($B19,PickedPlayers!D:Q,13,FALSE) -> 0 | Y19: =VLOOKUP($C19,Fixtures!A:I,9,FALSE) -> out | AA19: =VLOOKUP($B19,PickedPlayers!D:Q,14,FALSE) -> 0

Sheet Joe
A1: 0 Captain 1 Sub | D1: Group (1) | G1: Group (2) | J1: Group (3) | M1: Last 32 | P1: Last 16 | S1: Quarter Final | V1: Semi Final | Y1: 3rd Place / Final
A2: Position | B2: Player | C2: Nationality | D2: Opposition | E2: Selection | F2: Points | G2: Opposition | H2: Selection | I2: Points | J2: Opposition | K2: Selection | L2: Points | M2: Opposition | N2: Selection | O2: Points | P2: Opposition | Q2: Selection | R2: Points | S2: Opposition | T2: Selection | U2: Points | V2: Opposition | W2: Selection | X2: Points | Y2: Opposition | Z2: Selection | AA2: Points
A3: GK | B3: T. Courtois | C3: Belgium | D3: =VLOOKUP($C3,Fixtures!A:I,2,FALSE) -> EGY | E3: Picked | F3: =VLOOKUP($B3,PickedPlayers!D:Q,7,FALSE) -> 0 | G3: =VLOOKUP($C3,Fixtures!A:I,3,FALSE) -> IRA | H3: Picked | I3: =VLOOKUP($B3,PickedPlayers!D:Q,8,FALSE) -> 0 | J3: =VLOOKUP($C3,Fixtures!A:I,4,FALSE) -> NZL | K3: Picked | L3: =VLOOKUP($B3,PickedPlayers!D:Q,9,FALSE) -> 0 | M3: =VLOOKUP($C3,Fixtures!A:I,5,FALSE) -> SEN | N3: Sub GK | O3: =VLOOKUP($B3,PickedPlayers!D:Q,10,FALSE) -> 0 | P3: =VLOOKUP($C3,Fixtures!A:I,6,FALSE) -> USA | R3: =VLOOKUP($B3,PickedPlayers!D:Q,11,FALSE) -> 0 | S3: =VLOOKUP($C3,Fixtures!A:I,7,FALSE) -> TBC | U3: =VLOOKUP($B3,PickedPlayers!D:Q,12,FALSE) -> 0 | V3: =VLOOKUP($C3,Fixtures!A:I,8,FALSE) -> TBC | X3: =VLOOKUP($B3,PickedPlayers!D:Q,13,FALSE) -> 0 | Y3: =VLOOKUP($C3,Fixtures!A:I,9,FALSE) -> TBC | AA3: =VLOOKUP($B3,PickedPlayers!D:Q,14,FALSE) -> 0
A4: GK | B4: David Raya | C4: Spain | D4: =VLOOKUP($C4,Fixtures!A:I,2,FALSE) -> CAP | E4: Subbed Off | F4: =VLOOKUP($B4,PickedPlayers!D:Q,7,FALSE) -> 0 | G4: =VLOOKUP($C4,Fixtures!A:I,3,FALSE) -> SAU | H4: Sub GK | I4: =VLOOKUP($B4,PickedPlayers!D:Q,8,FALSE) -> 0 | J4: =VLOOKUP($C4,Fixtures!A:I,4,FALSE) -> URU | K4: Sub GK | L4: =VLOOKUP($B4,PickedPlayers!D:Q,9,FALSE) -> 0 | M4: =VLOOKUP($C4,Fixtures!A:I,5,FALSE) -> AUS | N4: Picked | O4: =VLOOKUP($B4,PickedPlayers!D:Q,10,FALSE) -> 0 | P4: =VLOOKUP($C4,Fixtures!A:I,6,FALSE) -> POR | R4: =VLOOKUP($B4,PickedPlayers!D:Q,11,FALSE) -> 0 | S4: =VLOOKUP($C4,Fixtures!A:I,7,FALSE) -> TBC | U4: =VLOOKUP($B4,PickedPlayers!D:Q,12,FALSE) -> 0 | V4: =VLOOKUP($C4,Fixtures!A:I,8,FALSE) -> TBC | X4: =VLOOKUP($B4,PickedPlayers!D:Q,13,FALSE) -> 0 | Y4: =VLOOKUP($C4,Fixtures!A:I,9,FALSE) -> TBC | AA4: =VLOOKUP($B4,PickedPlayers!D:Q,14,FALSE) -> 0
A5: DEF | B5: Gabriel Magalhães | C5: Brazil | D5: =VLOOKUP($C5,Fixtures!A:I,2,FALSE) -> MOR | E5: Picked | F5: =VLOOKUP($B5,PickedPlayers!D:Q,7,FALSE) -> 0 | G5: =VLOOKUP($C5,Fixtures!A:I,3,FALSE) -> HAI | H5: Picked | I5: =VLOOKUP($B5,PickedPlayers!D:Q,8,FALSE) -> 0 | J5: =VLOOKUP($C5,Fixtures!A:I,4,FALSE) -> SCO | K5: Picked | L5: =VLOOKUP($B5,PickedPlayers!D:Q,9,FALSE) -> 0 | M5: =VLOOKUP($C5,Fixtures!A:I,5,FALSE) -> JAP | N5: Picked | O5: =VLOOKUP($B5,PickedPlayers!D:Q,10,FALSE) -> 0 | P5: =VLOOKUP($C5,Fixtures!A:I,6,FALSE) -> NOR | R5: =VLOOKUP($B5,PickedPlayers!D:Q,11,FALSE) -> 0 | S5: =VLOOKUP($C5,Fixtures!A:I,7,FALSE) -> TBC | U5: =VLOOKUP($B5,PickedPlayers!D:Q,12,FALSE) -> 0 | V5: =VLOOKUP($C5,Fixtures!A:I,8,FALSE) -> TBC | X5: =VLOOKUP($B5,PickedPlayers!D:Q,13,FALSE) -> 0 | Y5: =VLOOKUP($C5,Fixtures!A:I,9,FALSE) -> TBC | AA5: =VLOOKUP($B5,PickedPlayers!D:Q,14,FALSE) -> 0
A6: DEF | B6: M. Guéhi | C6: England | D6: =VLOOKUP($C6,Fixtures!A:I,2,FALSE) -> CRO | E6: Captain | F6: =VLOOKUP($B6,PickedPlayers!D:Q,7,FALSE) -> 0 | G6: =VLOOKUP($C6,Fixtures!A:I,3,FALSE) -> GHA | H6: Picked | I6: =VLOOKUP($B6,PickedPlayers!D:Q,8,FALSE) -> 0 | J6: =VLOOKUP($C6,Fixtures!A:I,4,FALSE) -> PAN | K6: Picked | L6: =VLOOKUP($B6,PickedPlayers!D:Q,9,FALSE) -> 0 | M6: =VLOOKUP($C6,Fixtures!A:I,5,FALSE) -> CON | N6: Picked | O6: =VLOOKUP($B6,PickedPlayers!D:Q,10,FALSE) -> 0 | P6: =VLOOKUP($C6,Fixtures!A:I,6,FALSE) -> MEX | R6: =VLOOKUP($B6,PickedPlayers!D:Q,11,FALSE) -> 0 | S6: =VLOOKUP($C6,Fixtures!A:I,7,FALSE) -> TBC | U6: =VLOOKUP($B6,PickedPlayers!D:Q,12,FALSE) -> 0 | V6: =VLOOKUP($C6,Fixtures!A:I,8,FALSE) -> TBC | X6: =VLOOKUP($B6,PickedPlayers!D:Q,13,FALSE) -> 0 | Y6: =VLOOKUP($C6,Fixtures!A:I,9,FALSE) -> TBC | AA6: =VLOOKUP($B6,PickedPlayers!D:Q,14,FALSE) -> 0
A7: DEF | B7: Alex Sandro | C7: Brazil | D7: =VLOOKUP($C7,Fixtures!A:I,2,FALSE) -> MOR | E7: Subbed Off | F7: =VLOOKUP($B7,PickedPlayers!D:Q,7,FALSE) -> 0 | G7: =VLOOKUP($C7,Fixtures!A:I,3,FALSE) -> HAI | H7: Subbed Off | I7: =VLOOKUP($B7,PickedPlayers!D:Q,8,FALSE) -> 0 | J7: =VLOOKUP($C7,Fixtures!A:I,4,FALSE) -> SCO | K7: Picked | L7: =VLOOKUP($B7,PickedPlayers!D:Q,9,FALSE) -> 0 | M7: =VLOOKUP($C7,Fixtures!A:I,5,FALSE) -> JAP | N7: Sub 4 | O7: =VLOOKUP($B7,PickedPlayers!D:Q,10,FALSE) -> 0 | P7: =VLOOKUP($C7,Fixtures!A:I,6,FALSE) -> NOR | R7: =VLOOKUP($B7,PickedPlayers!D:Q,11,FALSE) -> 0 | S7: =VLOOKUP($C7,Fixtures!A:I,7,FALSE) -> TBC | U7: =VLOOKUP($B7,PickedPlayers!D:Q,12,FALSE) -> 0 | V7: =VLOOKUP($C7,Fixtures!A:I,8,FALSE) -> TBC | X7: =VLOOKUP($B7,PickedPlayers!D:Q,13,FALSE) -> 0 | Y7: =VLOOKUP($C7,Fixtures!A:I,9,FALSE) -> TBC | AA7: =VLOOKUP($B7,PickedPlayers!D:Q,14,FALSE) -> 0
A8: DEF | B8: D. Upamecano | C8: France | D8: =VLOOKUP($C8,Fixtures!A:I,2,FALSE) -> SEN | E8: Picked | F8: =VLOOKUP($B8,PickedPlayers!D:Q,7,FALSE) -> 0 | G8: =VLOOKUP($C8,Fixtures!A:I,3,FALSE) -> IRQ | H8: Picked | I8: =VLOOKUP($B8,PickedPlayers!D:Q,8,FALSE) -> 0 | J8: =VLOOKUP($C8,Fixtures!A:I,4,FALSE) -> NOR | K8: Picked | L8: =VLOOKUP($B8,PickedPlayers!D:Q,9,FALSE) -> 0 | M8: =VLOOKUP($C8,Fixtures!A:I,5,FALSE) -> SWE | N8: Picked | O8: =VLOOKUP($B8,PickedPlayers!D:Q,10,FALSE) -> 0 | P8: =VLOOKUP($C8,Fixtures!A:I,6,FALSE) -> PAR | R8: =VLOOKUP($B8,PickedPlayers!D:Q,11,FALSE) -> 0 | S8: =VLOOKUP($C8,Fixtures!A:I,7,FALSE) -> TBC | U8: =VLOOKUP($B8,PickedPlayers!D:Q,12,FALSE) -> 0 | V8: =VLOOKUP($C8,Fixtures!A:I,8,FALSE) -> TBC | X8: =VLOOKUP($B8,PickedPlayers!D:Q,13,FALSE) -> 0 | Y8: =VLOOKUP($C8,Fixtures!A:I,9,FALSE) -> TBC | AA8: =VLOOKUP($B8,PickedPlayers!D:Q,14,FALSE) -> 0
A9: DEF | B9: A. Davies | C9: Canada | D9: =VLOOKUP($C9,Fixtures!A:I,2,FALSE) -> BOS | E9: Subbed Off | F9: =VLOOKUP($B9,PickedPlayers!D:Q,7,FALSE) -> 0 | G9: =VLOOKUP($C9,Fixtures!A:I,3,FALSE) -> QAT | H9: Picked | I9: =VLOOKUP($B9,PickedPlayers!D:Q,8,FALSE) -> 0 | J9: =VLOOKUP($C9,Fixtures!A:I,4,FALSE) -> SWI | K9: Subbed Off | L9: =VLOOKUP($B9,PickedPlayers!D:Q,9,FALSE) -> 0 | M9: =VLOOKUP($C9,Fixtures!A:I,5,FALSE) -> SOU | N9: Picked | O9: =VLOOKUP($B9,PickedPlayers!D:Q,10,FALSE) -> 0 | P9: =VLOOKUP($C9,Fixtures!A:I,6,FALSE) -> MOR | R9: =VLOOKUP($B9,PickedPlayers!D:Q,11,FALSE) -> 0 | S9: =VLOOKUP($C9,Fixtures!A:I,7,FALSE) -> TBC | U9: =VLOOKUP($B9,PickedPlayers!D:Q,12,FALSE) -> 0 | V9: =VLOOKUP($C9,Fixtures!A:I,8,FALSE) -> TBC | X9: =VLOOKUP($B9,PickedPlayers!D:Q,13,FALSE) -> 0 | Y9: =VLOOKUP($C9,Fixtures!A:I,9,FALSE) -> TBC | AA9: =VLOOKUP($B9,PickedPlayers!D:Q,14,FALSE) -> 0
A10: MID | B10: D. Rice | C10: England | D10: =VLOOKUP($C10,Fixtures!A:I,2,FALSE) -> CRO | E10: Vice Captain | F10: =VLOOKUP($B10,PickedPlayers!D:Q,7,FALSE) -> 0 | G10: =VLOOKUP($C10,Fixtures!A:I,3,FALSE) -> GHA | H10: Picked | I10: =VLOOKUP($B10,PickedPlayers!D:Q,8,FALSE) -> 0 | J10: =VLOOKUP($C10,Fixtures!A:I,4,FALSE) -> PAN | K10: Picked | L10: =VLOOKUP($B10,PickedPlayers!D:Q,9,FALSE) -> 0 | M10: =VLOOKUP($C10,Fixtures!A:I,5,FALSE) -> CON | N10: Picked | O10: =VLOOKUP($B10,PickedPlayers!D:Q,10,FALSE) -> 0 | P10: =VLOOKUP($C10,Fixtures!A:I,6,FALSE) -> MEX | R10: =VLOOKUP($B10,PickedPlayers!D:Q,11,FALSE) -> 0 | S10: =VLOOKUP($C10,Fixtures!A:I,7,FALSE) -> TBC | U10: =VLOOKUP($B10,PickedPlayers!D:Q,12,FALSE) -> 0 | V10: =VLOOKUP($C10,Fixtures!A:I,8,FALSE) -> TBC | X10: =VLOOKUP($B10,PickedPlayers!D:Q,13,FALSE) -> 0 | Y10: =VLOOKUP($C10,Fixtures!A:I,9,FALSE) -> TBC | AA10: =VLOOKUP($B10,PickedPlayers!D:Q,14,FALSE) -> 0
A11: MID | B11: Marcos Llorente | C11: Spain | D11: =VLOOKUP($C11,Fixtures!A:I,2,FALSE) -> CAP | E11: Picked | F11: =VLOOKUP($B11,PickedPlayers!D:Q,7,FALSE) -> 0 | G11: =VLOOKUP($C11,Fixtures!A:I,3,FALSE) -> SAU | H11: Subbed Off | I11: =VLOOKUP($B11,PickedPlayers!D:Q,8,FALSE) -> 0 | J11: =VLOOKUP($C11,Fixtures!A:I,4,FALSE) -> URU | K11: Picked | L11: =VLOOKUP($B11,PickedPlayers!D:Q,9,FALSE) -> 0 | M11: =VLOOKUP($C11,Fixtures!A:I,5,FALSE) -> AUS | N11: Picked | O11: =VLOOKUP($B11,PickedPlayers!D:Q,10,FALSE) -> 0 | P11: =VLOOKUP($C11,Fixtures!A:I,6,FALSE) -> POR | R11: =VLOOKUP($B11,PickedPlayers!D:Q,11,FALSE) -> 0 | S11: =VLOOKUP($C11,Fixtures!A:I,7,FALSE) -> TBC | U11: =VLOOKUP($B11,PickedPlayers!D:Q,12,FALSE) -> 0 | V11: =VLOOKUP($C11,Fixtures!A:I,8,FALSE) -> TBC | X11: =VLOOKUP($B11,PickedPlayers!D:Q,13,FALSE) -> 0 | Y11: =VLOOKUP($C11,Fixtures!A:I,9,FALSE) -> TBC | AA11: =VLOOKUP($B11,PickedPlayers!D:Q,14,FALSE) -> 0
A12: MID | B12: B. Díaz | C12: Morocco | D12: =VLOOKUP($C12,Fixtures!A:I,2,FALSE) -> BRA | E12: Picked | F12: =VLOOKUP($B12,PickedPlayers!D:Q,7,FALSE) -> 0 | G12: =VLOOKUP($C12,Fixtures!A:I,3,FALSE) -> SCO | H12: Picked | I12: =VLOOKUP($B12,PickedPlayers!D:Q,8,FALSE) -> 0 | J12: =VLOOKUP($C12,Fixtures!A:I,4,FALSE) -> HAI | K12: Picked | L12: =VLOOKUP($B12,PickedPlayers!D:Q,9,FALSE) -> 0 | M12: =VLOOKUP($C12,Fixtures!A:I,5,FALSE) -> NED | N12: Picked | O12: =VLOOKUP($B12,PickedPlayers!D:Q,10,FALSE) -> 0 | P12: =VLOOKUP($C12,Fixtures!A:I,6,FALSE) -> CAN | R12: =VLOOKUP($B12,PickedPlayers!D:Q,11,FALSE) -> 0 | S12: =VLOOKUP($C12,Fixtures!A:I,7,FALSE) -> TBC | U12: =VLOOKUP($B12,PickedPlayers!D:Q,12,FALSE) -> 0 | V12: =VLOOKUP($C12,Fixtures!A:I,8,FALSE) -> TBC | X12: =VLOOKUP($B12,PickedPlayers!D:Q,13,FALSE) -> 0 | Y12: =VLOOKUP($C12,Fixtures!A:I,9,FALSE) -> TBC | AA12: =VLOOKUP($B12,PickedPlayers!D:Q,14,FALSE) -> 0
A13: MID | B13: L. Goretzka | C13: Germany | D13: =VLOOKUP($C13,Fixtures!A:I,2,FALSE) -> CUR | E13: Picked | F13: =VLOOKUP($B13,PickedPlayers!D:Q,7,FALSE) -> 0 | G13: =VLOOKUP($C13,Fixtures!A:I,3,FALSE) -> IVO | H13: Picked | I13: =VLOOKUP($B13,PickedPlayers!D:Q,8,FALSE) -> 0 | J13: =VLOOKUP($C13,Fixtures!A:I,4,FALSE) -> ECU | K13: Sub 4 | L13: =VLOOKUP($B13,PickedPlayers!D:Q,9,FALSE) -> 0 | M13: CUT | P13: CUT | S13: CUT | V13: CUT | Y13: =VLOOKUP($C13,Fixtures!A:I,9,FALSE) -> out | AA13: =VLOOKUP($B13,PickedPlayers!D:Q,14,FALSE) -> 0
A14: MID | B14: R. Vargas | C14: Switzerland | M14: =VLOOKUP($C14,Fixtures!A:I,5,FALSE) -> ALG | N14: Picked | O14: =VLOOKUP($B14,PickedPlayers!D:Q,10,FALSE) -> 0 | P14: =VLOOKUP($C14,Fixtures!A:I,6,FALSE) -> TBC | R14: =VLOOKUP($B14,PickedPlayers!D:Q,11,FALSE) -> 0 | S14: =VLOOKUP($C14,Fixtures!A:I,7,FALSE) -> TBC | U14: =VLOOKUP($B14,PickedPlayers!D:Q,12,FALSE) -> 0 | V14: =VLOOKUP($C14,Fixtures!A:I,8,FALSE) -> TBC | X14: =VLOOKUP($B14,PickedPlayers!D:Q,13,FALSE) -> 0 | Y14: =VLOOKUP($C14,Fixtures!A:I,9,FALSE) -> TBC | AA14: =VLOOKUP($B14,PickedPlayers!D:Q,14,FALSE) -> 0
A15: FWD | B15: O. Dembélé | C15: France | D15: =VLOOKUP($C15,Fixtures!A:I,2,FALSE) -> SEN | E15: Picked | F15: =VLOOKUP($B15,PickedPlayers!D:Q,7,FALSE) -> 0 | G15: =VLOOKUP($C15,Fixtures!A:I,3,FALSE) -> IRQ | H15: Vice Captain | I15: =VLOOKUP($B15,PickedPlayers!D:Q,8,FALSE) -> 0 | J15: =VLOOKUP($C15,Fixtures!A:I,4,FALSE) -> NOR | K15: Captain | L15: =VLOOKUP($B15,PickedPlayers!D:Q,9,FALSE) -> 0 | M15: =VLOOKUP($C15,Fixtures!A:I,5,FALSE) -> SWE | N15: Vice Captain | O15: =VLOOKUP($B15,PickedPlayers!D:Q,10,FALSE) -> 0 | P15: =VLOOKUP($C15,Fixtures!A:I,6,FALSE) -> PAR | R15: =VLOOKUP($B15,PickedPlayers!D:Q,11,FALSE) -> 0 | S15: =VLOOKUP($C15,Fixtures!A:I,7,FALSE) -> TBC | U15: =VLOOKUP($B15,PickedPlayers!D:Q,12,FALSE) -> 0 | V15: =VLOOKUP($C15,Fixtures!A:I,8,FALSE) -> TBC | X15: =VLOOKUP($B15,PickedPlayers!D:Q,13,FALSE) -> 0 | Y15: =VLOOKUP($C15,Fixtures!A:I,9,FALSE) -> TBC | AA15: =VLOOKUP($B15,PickedPlayers!D:Q,14,FALSE) -> 0
A16: FWD | B16: Vinícius Júnior | C16: Brazil | D16: =VLOOKUP($C16,Fixtures!A:I,2,FALSE) -> MOR | E16: Picked | F16: =VLOOKUP($B16,PickedPlayers!D:Q,7,FALSE) -> 0 | G16: =VLOOKUP($C16,Fixtures!A:I,3,FALSE) -> HAI | H16: Captain | I16: =VLOOKUP($B16,PickedPlayers!D:Q,8,FALSE) -> 0 | J16: =VLOOKUP($C16,Fixtures!A:I,4,FALSE) -> SCO | K16: Vice Captain | L16: =VLOOKUP($B16,PickedPlayers!D:Q,9,FALSE) -> 0 | M16: =VLOOKUP($C16,Fixtures!A:I,5,FALSE) -> JAP | N16: Captain | O16: =VLOOKUP($B16,PickedPlayers!D:Q,10,FALSE) -> 0 | P16: =VLOOKUP($C16,Fixtures!A:I,6,FALSE) -> NOR | R16: =VLOOKUP($B16,PickedPlayers!D:Q,11,FALSE) -> 0 | S16: =VLOOKUP($C16,Fixtures!A:I,7,FALSE) -> TBC | U16: =VLOOKUP($B16,PickedPlayers!D:Q,12,FALSE) -> 0 | V16: =VLOOKUP($C16,Fixtures!A:I,8,FALSE) -> TBC | X16: =VLOOKUP($B16,PickedPlayers!D:Q,13,FALSE) -> 0 | Y16: =VLOOKUP($C16,Fixtures!A:I,9,FALSE) -> TBC | AA16: =VLOOKUP($B16,PickedPlayers!D:Q,14,FALSE) -> 0
A17: FWD | B17: Rafael Leão | C17: Portugal | D17: =VLOOKUP($C17,Fixtures!A:I,2,FALSE) -> CON | E17: Sub 3 | F17: =VLOOKUP($B17,PickedPlayers!D:Q,7,FALSE) -> 0 | G17: =VLOOKUP($C17,Fixtures!A:I,3,FALSE) -> UZB | H17: Sub 1 | I17: =VLOOKUP($B17,PickedPlayers!D:Q,8,FALSE) -> 0 | J17: =VLOOKUP($C17,Fixtures!A:I,4,FALSE) -> COL | K17: Sub 3 | L17: =VLOOKUP($B17,PickedPlayers!D:Q,9,FALSE) -> 0 | M17: =VLOOKUP($C17,Fixtures!A:I,5,FALSE) -> CRO | N17: Sub 3 | O17: =VLOOKUP($B17,PickedPlayers!D:Q,10,FALSE) -> 0 | P17: =VLOOKUP($C17,Fixtures!A:I,6,FALSE) -> SPA | R17: =VLOOKUP($B17,PickedPlayers!D:Q,11,FALSE) -> 0 | S17: =VLOOKUP($C17,Fixtures!A:I,7,FALSE) -> TBC | U17: =VLOOKUP($B17,PickedPlayers!D:Q,12,FALSE) -> 0 | V17: =VLOOKUP($C17,Fixtures!A:I,8,FALSE) -> TBC | X17: =VLOOKUP($B17,PickedPlayers!D:Q,13,FALSE) -> 0 | Y17: =VLOOKUP($C17,Fixtures!A:I,9,FALSE) -> TBC | AA17: =VLOOKUP($B17,PickedPlayers!D:Q,14,FALSE) -> 0
A18: FWD | B18: S. Mané | C18: Senegal | D18: =VLOOKUP($C18,Fixtures!A:I,2,FALSE) -> FRA | E18: Sub 1 | F18: =VLOOKUP($B18,PickedPlayers!D:Q,7,FALSE) -> 0 | G18: =VLOOKUP($C18,Fixtures!A:I,3,FALSE) -> NOR | H18: Picked | I18: =VLOOKUP($B18,PickedPlayers!D:Q,8,FALSE) -> 0 | J18: =VLOOKUP($C18,Fixtures!A:I,4,FALSE) -> IRQ | K18: Picked | L18: =VLOOKUP($B18,PickedPlayers!D:Q,9,FALSE) -> 0 | M18: =VLOOKUP($C18,Fixtures!A:I,5,FALSE) -> BEL | N18: Sub 1 | O18: =VLOOKUP($B18,PickedPlayers!D:Q,10,FALSE) -> 0 | P18: =VLOOKUP($C18,Fixtures!A:I,6,FALSE) -> out | R18: =VLOOKUP($B18,PickedPlayers!D:Q,11,FALSE) -> 0 | S18: =VLOOKUP($C18,Fixtures!A:I,7,FALSE) -> out | U18: =VLOOKUP($B18,PickedPlayers!D:Q,12,FALSE) -> 0 | V18: =VLOOKUP($C18,Fixtures!A:I,8,FALSE) -> out | X18: =VLOOKUP($B18,PickedPlayers!D:Q,13,FALSE) -> 0 | Y18: =VLOOKUP($C18,Fixtures!A:I,9,FALSE) -> out | AA18: =VLOOKUP($B18,PickedPlayers!D:Q,14,FALSE) -> 0
A19: FWD | B19: R. Jiménez | C19: Mexico | D19: =VLOOKUP($C19,Fixtures!A:I,2,FALSE) -> SOU | E19: Picked | F19: =VLOOKUP($B19,PickedPlayers!D:Q,7,FALSE) -> 0 | G19: =VLOOKUP($C19,Fixtures!A:I,3,FALSE) -> KOR | H19: Sub 4 | I19: =VLOOKUP($B19,PickedPlayers!D:Q,8,FALSE) -> 0 | J19: =VLOOKUP($C19,Fixtures!A:I,4,FALSE) -> CZE | K19: Sub 1 | L19: =VLOOKUP($B19,PickedPlayers!D:Q,9,FALSE) -> 0 | M19: =VLOOKUP($C19,Fixtures!A:I,5,FALSE) -> ECU | N19: Sub 2 | O19: =VLOOKUP($B19,PickedPlayers!D:Q,10,FALSE) -> 0 | P19: =VLOOKUP($C19,Fixtures!A:I,6,FALSE) -> ENG | R19: =VLOOKUP($B19,PickedPlayers!D:Q,11,FALSE) -> 0 | S19: =VLOOKUP($C19,Fixtures!A:I,7,FALSE) -> TBC | U19: =VLOOKUP($B19,PickedPlayers!D:Q,12,FALSE) -> 0 | V19: =VLOOKUP($C19,Fixtures!A:I,8,FALSE) -> TBC | X19: =VLOOKUP($B19,PickedPlayers!D:Q,13,FALSE) -> 0 | Y19: =VLOOKUP($C19,Fixtures!A:I,9,FALSE) -> TBC | AA19: =VLOOKUP($B19,PickedPlayers!D:Q,14,FALSE) -> 0

Sheet Dan
A1: 0 Captain 1 Sub | D1: Group (1) | G1: Group (2) | J1: Group (3) | M1: Last 32 | P1: Last 16 | S1: Quarter Final | V1: Semi Final | Y1: 3rd Place / Final
A2: Position | B2: Player | C2: Nationality | D2: Opposition | E2: Selection | F2: Points | G2: Opposition | H2: Selection | I2: Points | J2: Opposition | K2: Selection | L2: Points | M2: Opposition | N2: Selection | O2: Points | P2: Opposition | Q2: Selection | R2: Points | S2: Opposition | T2: Selection | U2: Points | V2: Opposition | W2: Selection | X2: Points | Y2: Opposition | Z2: Selection | AA2: Points
A3: GK | B3: M. Maignan | C3: France | D3: =VLOOKUP($C3,Fixtures!A:I,2,FALSE) -> SEN | E3: Sub GK | F3: =VLOOKUP($B3,PickedPlayers!D:Q,7,FALSE) -> 0 | G3: =VLOOKUP($C3,Fixtures!A:I,3,FALSE) -> IRQ | H3: Picked | I3: =VLOOKUP($B3,PickedPlayers!D:Q,8,FALSE) -> 0 | J3: =VLOOKUP($C3,Fixtures!A:I,4,FALSE) -> NOR | K3: Sub GK | L3: =VLOOKUP($B3,PickedPlayers!D:Q,9,FALSE) -> 0 | M3: =VLOOKUP($C3,Fixtures!A:I,5,FALSE) -> SWE | N3: Picked | O3: =VLOOKUP($B3,PickedPlayers!D:Q,10,FALSE) -> 0 | P3: =VLOOKUP($C3,Fixtures!A:I,6,FALSE) -> PAR | R3: =VLOOKUP($B3,PickedPlayers!D:Q,11,FALSE) -> 0 | S3: =VLOOKUP($C3,Fixtures!A:I,7,FALSE) -> TBC | U3: =VLOOKUP($B3,PickedPlayers!D:Q,12,FALSE) -> 0 | V3: =VLOOKUP($C3,Fixtures!A:I,8,FALSE) -> TBC | X3: =VLOOKUP($B3,PickedPlayers!D:Q,13,FALSE) -> 0 | Y3: =VLOOKUP($C3,Fixtures!A:I,9,FALSE) -> TBC | AA3: =VLOOKUP($B3,PickedPlayers!D:Q,14,FALSE) -> 0
A4: GK | B4: Diogo Costa | C4: Portugal | D4: =VLOOKUP($C4,Fixtures!A:I,2,FALSE) -> CON | E4: Picked | F4: =VLOOKUP($B4,PickedPlayers!D:Q,7,FALSE) -> 0 | G4: =VLOOKUP($C4,Fixtures!A:I,3,FALSE) -> UZB | H4: Sub GK | I4: =VLOOKUP($B4,PickedPlayers!D:Q,8,FALSE) -> 0 | J4: =VLOOKUP($C4,Fixtures!A:I,4,FALSE) -> COL | K4: Picked | L4: =VLOOKUP($B4,PickedPlayers!D:Q,9,FALSE) -> 0 | M4: =VLOOKUP($C4,Fixtures!A:I,5,FALSE) -> CRO | N4: Sub GK | O4: =VLOOKUP($B4,PickedPlayers!D:Q,10,FALSE) -> 0 | P4: =VLOOKUP($C4,Fixtures!A:I,6,FALSE) -> SPA | R4: =VLOOKUP($B4,PickedPlayers!D:Q,11,FALSE) -> 0 | S4: =VLOOKUP($C4,Fixtures!A:I,7,FALSE) -> TBC | U4: =VLOOKUP($B4,PickedPlayers!D:Q,12,FALSE) -> 0 | V4: =VLOOKUP($C4,Fixtures!A:I,8,FALSE) -> TBC | X4: =VLOOKUP($B4,PickedPlayers!D:Q,13,FALSE) -> 0 | Y4: =VLOOKUP($C4,Fixtures!A:I,9,FALSE) -> TBC | AA4: =VLOOKUP($B4,PickedPlayers!D:Q,14,FALSE) -> 0
A5: DEF | B5: Aymeric Laporte | C5: Spain | D5: =VLOOKUP($C5,Fixtures!A:I,2,FALSE) -> CAP | E5: Picked | F5: =VLOOKUP($B5,PickedPlayers!D:Q,7,FALSE) -> 0 | G5: =VLOOKUP($C5,Fixtures!A:I,3,FALSE) -> SAU | H5: Picked | I5: =VLOOKUP($B5,PickedPlayers!D:Q,8,FALSE) -> 0 | J5: =VLOOKUP($C5,Fixtures!A:I,4,FALSE) -> URU | K5: Picked | L5: =VLOOKUP($B5,PickedPlayers!D:Q,9,FALSE) -> 0 | M5: =VLOOKUP($C5,Fixtures!A:I,5,FALSE) -> AUS | N5: Picked | O5: =VLOOKUP($B5,PickedPlayers!D:Q,10,FALSE) -> 0 | P5: =VLOOKUP($C5,Fixtures!A:I,6,FALSE) -> POR | R5: =VLOOKUP($B5,PickedPlayers!D:Q,11,FALSE) -> 0 | S5: =VLOOKUP($C5,Fixtures!A:I,7,FALSE) -> TBC | U5: =VLOOKUP($B5,PickedPlayers!D:Q,12,FALSE) -> 0 | V5: =VLOOKUP($C5,Fixtures!A:I,8,FALSE) -> TBC | X5: =VLOOKUP($B5,PickedPlayers!D:Q,13,FALSE) -> 0 | Y5: =VLOOKUP($C5,Fixtures!A:I,9,FALSE) -> TBC | AA5: =VLOOKUP($B5,PickedPlayers!D:Q,14,FALSE) -> 0
A6: DEF | B6: N. Tagliafico | C6: Argentina | D6: =VLOOKUP($C6,Fixtures!A:I,2,FALSE) -> ALG | E6: Subbed Off | F6: =VLOOKUP($B6,PickedPlayers!D:Q,7,FALSE) -> 0 | G6: =VLOOKUP($C6,Fixtures!A:I,3,FALSE) -> AUT | H6: Sub 4 | I6: =VLOOKUP($B6,PickedPlayers!D:Q,8,FALSE) -> 0 | J6: =VLOOKUP($C6,Fixtures!A:I,4,FALSE) -> JOR | K6: Picked | L6: =VLOOKUP($B6,PickedPlayers!D:Q,9,FALSE) -> 0 | M6: CUT | P6: CUT | S6: CUT | V6: CUT | Y6: CUT
A7: DEF | B7: J. Tah | C7: Germany | D7: =VLOOKUP($C7,Fixtures!A:I,2,FALSE) -> CUR | E7: Picked | F7: =VLOOKUP($B7,PickedPlayers!D:Q,7,FALSE) -> 0 | G7: =VLOOKUP($C7,Fixtures!A:I,3,FALSE) -> IVO | H7: Sub 3 | I7: =VLOOKUP($B7,PickedPlayers!D:Q,8,FALSE) -> 0 | J7: =VLOOKUP($C7,Fixtures!A:I,4,FALSE) -> ECU | K7: Sub 3 | L7: =VLOOKUP($B7,PickedPlayers!D:Q,9,FALSE) -> 0 | M7: =VLOOKUP($C7,Fixtures!A:I,5,FALSE) -> PAR | N7: Picked | O7: =VLOOKUP($B7,PickedPlayers!D:Q,10,FALSE) -> 0 | P7: =VLOOKUP($C7,Fixtures!A:I,6,FALSE) -> out | R7: =VLOOKUP($B7,PickedPlayers!D:Q,11,FALSE) -> 0 | S7: =VLOOKUP($C7,Fixtures!A:I,7,FALSE) -> out | U7: =VLOOKUP($B7,PickedPlayers!D:Q,12,FALSE) -> 0 | V7: =VLOOKUP($C7,Fixtures!A:I,8,FALSE) -> out | X7: =VLOOKUP($B7,PickedPlayers!D:Q,13,FALSE) -> 0 | Y7: =VLOOKUP($C7,Fixtures!A:I,9,FALSE) -> out | AA7: =VLOOKUP($B7,PickedPlayers!D:Q,14,FALSE) -> 0
A8: DEF | B8: N. Molina | C8: Argentina | D8: =VLOOKUP($C8,Fixtures!A:I,2,FALSE) -> ALG | E8: Sub 4 | F8: =VLOOKUP($B8,PickedPlayers!D:Q,7,FALSE) -> 0 | G8: =VLOOKUP($C8,Fixtures!A:I,3,FALSE) -> AUT | H8: Picked | I8: =VLOOKUP($B8,PickedPlayers!D:Q,8,FALSE) -> 0 | J8: =VLOOKUP($C8,Fixtures!A:I,4,FALSE) -> JOR | K8: Subbed Off | L8: =VLOOKUP($B8,PickedPlayers!D:Q,9,FALSE) -> 0 | M8: =VLOOKUP($C8,Fixtures!A:I,5,FALSE) -> CAP | N8: Picked | O8: =VLOOKUP($B8,PickedPlayers!D:Q,10,FALSE) -> 0 | P8: =VLOOKUP($C8,Fixtures!A:I,6,FALSE) -> TBC | R8: =VLOOKUP($B8,PickedPlayers!D:Q,11,FALSE) -> 0 | S8: =VLOOKUP($C8,Fixtures!A:I,7,FALSE) -> TBC | U8: =VLOOKUP($B8,PickedPlayers!D:Q,12,FALSE) -> 0 | V8: =VLOOKUP($C8,Fixtures!A:I,8,FALSE) -> TBC | X8: =VLOOKUP($B8,PickedPlayers!D:Q,13,FALSE) -> 0 | Y8: =VLOOKUP($C8,Fixtures!A:I,9,FALSE) -> TBC | AA8: =VLOOKUP($B8,PickedPlayers!D:Q,14,FALSE) -> 0
A9: DEF | B9: Danilo | C9: Brazil | D9: =VLOOKUP($C9,Fixtures!A:I,2,FALSE) -> MOR | E9: Picked | F9: =VLOOKUP($B9,PickedPlayers!D:Q,7,FALSE) -> 0 | G9: =VLOOKUP($C9,Fixtures!A:I,3,FALSE) -> HAI | H9: Picked | I9: =VLOOKUP($B9,PickedPlayers!D:Q,8,FALSE) -> 0 | J9: =VLOOKUP($C9,Fixtures!A:I,4,FALSE) -> SCO | K9: Picked | L9: =VLOOKUP($B9,PickedPlayers!D:Q,9,FALSE) -> 0 | M9: =VLOOKUP($C9,Fixtures!A:I,5,FALSE) -> JAP | N9: Sub 2 | O9: =VLOOKUP($B9,PickedPlayers!D:Q,10,FALSE) -> 0 | P9: =VLOOKUP($C9,Fixtures!A:I,6,FALSE) -> NOR | R9: =VLOOKUP($B9,PickedPlayers!D:Q,11,FALSE) -> 0 | S9: =VLOOKUP($C9,Fixtures!A:I,7,FALSE) -> TBC | U9: =VLOOKUP($B9,PickedPlayers!D:Q,12,FALSE) -> 0 | V9: =VLOOKUP($C9,Fixtures!A:I,8,FALSE) -> TBC | X9: =VLOOKUP($B9,PickedPlayers!D:Q,13,FALSE) -> 0 | Y9: =VLOOKUP($C9,Fixtures!A:I,9,FALSE) -> TBC | AA9: =VLOOKUP($B9,PickedPlayers!D:Q,14,FALSE) -> 0
A10: DEF | B10: F. Medina | C10: Argentina | M10: =VLOOKUP($C10,Fixtures!A:I,5,FALSE) -> CAP | N10: Picked | O10: =VLOOKUP($B10,PickedPlayers!D:Q,10,FALSE) -> 0 | P10: =VLOOKUP($C10,Fixtures!A:I,6,FALSE) -> TBC | R10: =VLOOKUP($B10,PickedPlayers!D:Q,11,FALSE) -> 0 | S10: =VLOOKUP($C10,Fixtures!A:I,7,FALSE) -> TBC | U10: =VLOOKUP($B10,PickedPlayers!D:Q,12,FALSE) -> 0 | V10: =VLOOKUP($C10,Fixtures!A:I,8,FALSE) -> TBC | X10: =VLOOKUP($B10,PickedPlayers!D:Q,13,FALSE) -> 0 | Y10: =VLOOKUP($C10,Fixtures!A:I,9,FALSE) -> TBC | AA10: =VLOOKUP($B10,PickedPlayers!D:Q,14,FALSE) -> 0
A11: MID | B11: J. Kimmich | C11: Germany | D11: =VLOOKUP($C11,Fixtures!A:I,2,FALSE) -> CUR | E11: Picked | F11: =VLOOKUP($B11,PickedPlayers!D:Q,7,FALSE) -> 0 | G11: =VLOOKUP($C11,Fixtures!A:I,3,FALSE) -> IVO | H11: Picked | I11: =VLOOKUP($B11,PickedPlayers!D:Q,8,FALSE) -> 0 | J11: =VLOOKUP($C11,Fixtures!A:I,4,FALSE) -> ECU | K11: Picked | L11: =VLOOKUP($B11,PickedPlayers!D:Q,9,FALSE) -> 0 | M11: =VLOOKUP($C11,Fixtures!A:I,5,FALSE) -> PAR | N11: Picked | O11: =VLOOKUP($B11,PickedPlayers!D:Q,10,FALSE) -> 0 | P11: =VLOOKUP($C11,Fixtures!A:I,6,FALSE) -> out | R11: =VLOOKUP($B11,PickedPlayers!D:Q,11,FALSE) -> 0 | S11: =VLOOKUP($C11,Fixtures!A:I,7,FALSE) -> out | U11: =VLOOKUP($B11,PickedPlayers!D:Q,12,FALSE) -> 0 | V11: =VLOOKUP($C11,Fixtures!A:I,8,FALSE) -> out | X11: =VLOOKUP($B11,PickedPlayers!D:Q,13,FALSE) -> 0 | Y11: =VLOOKUP($C11,Fixtures!A:I,9,FALSE) -> out | AA11: =VLOOKUP($B11,PickedPlayers!D:Q,14,FALSE) -> 0
A12: MID | B12: Bruno Guimarães | C12: Brazil | D12: =VLOOKUP($C12,Fixtures!A:I,2,FALSE) -> MOR | E12: Picked | F12: =VLOOKUP($B12,PickedPlayers!D:Q,7,FALSE) -> 0 | G12: =VLOOKUP($C12,Fixtures!A:I,3,FALSE) -> HAI | H12: Picked | I12: =VLOOKUP($B12,PickedPlayers!D:Q,8,FALSE) -> 0 | J12: =VLOOKUP($C12,Fixtures!A:I,4,FALSE) -> SCO | K12: Vice Captain | L12: =VLOOKUP($B12,PickedPlayers!D:Q,9,FALSE) -> 0 | M12: =VLOOKUP($C12,Fixtures!A:I,5,FALSE) -> JAP | N12: Picked | O12: =VLOOKUP($B12,PickedPlayers!D:Q,10,FALSE) -> 0 | P12: =VLOOKUP($C12,Fixtures!A:I,6,FALSE) -> NOR | R12: =VLOOKUP($B12,PickedPlayers!D:Q,11,FALSE) -> 0 | S12: =VLOOKUP($C12,Fixtures!A:I,7,FALSE) -> TBC | U12: =VLOOKUP($B12,PickedPlayers!D:Q,12,FALSE) -> 0 | V12: =VLOOKUP($C12,Fixtures!A:I,8,FALSE) -> TBC | X12: =VLOOKUP($B12,PickedPlayers!D:Q,13,FALSE) -> 0 | Y12: =VLOOKUP($C12,Fixtures!A:I,9,FALSE) -> TBC | AA12: =VLOOKUP($B12,PickedPlayers!D:Q,14,FALSE) -> 0
A13: MID | B13: João Neves | C13: Portugal | D13: =VLOOKUP($C13,Fixtures!A:I,2,FALSE) -> CON | E13: Picked | F13: =VLOOKUP($B13,PickedPlayers!D:Q,7,FALSE) -> 0 | G13: =VLOOKUP($C13,Fixtures!A:I,3,FALSE) -> UZB | H13: Picked | I13: =VLOOKUP($B13,PickedPlayers!D:Q,8,FALSE) -> 0 | J13: =VLOOKUP($C13,Fixtures!A:I,4,FALSE) -> COL | K13: Picked | L13: =VLOOKUP($B13,PickedPlayers!D:Q,9,FALSE) -> 0 | M13: =VLOOKUP($C13,Fixtures!A:I,5,FALSE) -> CRO | N13: Picked | O13: =VLOOKUP($B13,PickedPlayers!D:Q,10,FALSE) -> 0 | P13: =VLOOKUP($C13,Fixtures!A:I,6,FALSE) -> SPA | R13: =VLOOKUP($B13,PickedPlayers!D:Q,11,FALSE) -> 0 | S13: =VLOOKUP($C13,Fixtures!A:I,7,FALSE) -> TBC | U13: =VLOOKUP($B13,PickedPlayers!D:Q,12,FALSE) -> 0 | V13: =VLOOKUP($C13,Fixtures!A:I,8,FALSE) -> TBC | X13: =VLOOKUP($B13,PickedPlayers!D:Q,13,FALSE) -> 0 | Y13: =VLOOKUP($C13,Fixtures!A:I,9,FALSE) -> TBC | AA13: =VLOOKUP($B13,PickedPlayers!D:Q,14,FALSE) -> 0
A14: MID | B14: Y. Tielemans | C14: Belgium | D14: =VLOOKUP($C14,Fixtures!A:I,2,FALSE) -> EGY | E14: Picked | F14: =VLOOKUP($B14,PickedPlayers!D:Q,7,FALSE) -> 0 | G14: =VLOOKUP($C14,Fixtures!A:I,3,FALSE) -> IRA | H14: Picked | I14: =VLOOKUP($B14,PickedPlayers!D:Q,8,FALSE) -> 0 | J14: =VLOOKUP($C14,Fixtures!A:I,4,FALSE) -> NZL | K14: Captain | L14: =VLOOKUP($B14,PickedPlayers!D:Q,9,FALSE) -> 0 | M14: =VLOOKUP($C14,Fixtures!A:I,5,FALSE) -> SEN | N14: Sub 1 | O14: =VLOOKUP($B14,PickedPlayers!D:Q,10,FALSE) -> 0 | P14: =VLOOKUP($C14,Fixtures!A:I,6,FALSE) -> USA | R14: =VLOOKUP($B14,PickedPlayers!D:Q,11,FALSE) -> 0 | S14: =VLOOKUP($C14,Fixtures!A:I,7,FALSE) -> TBC | U14: =VLOOKUP($B14,PickedPlayers!D:Q,12,FALSE) -> 0 | V14: =VLOOKUP($C14,Fixtures!A:I,8,FALSE) -> TBC | X14: =VLOOKUP($B14,PickedPlayers!D:Q,13,FALSE) -> 0 | Y14: =VLOOKUP($C14,Fixtures!A:I,9,FALSE) -> TBC | AA14: =VLOOKUP($B14,PickedPlayers!D:Q,14,FALSE) -> 0
A15: FWD | B15: L. Messi | C15: Argentina | D15: =VLOOKUP($C15,Fixtures!A:I,2,FALSE) -> ALG | E15: Captain | F15: =VLOOKUP($B15,PickedPlayers!D:Q,7,FALSE) -> 0 | G15: =VLOOKUP($C15,Fixtures!A:I,3,FALSE) -> AUT | H15: Captain | I15: =VLOOKUP($B15,PickedPlayers!D:Q,8,FALSE) -> 0 | J15: =VLOOKUP($C15,Fixtures!A:I,4,FALSE) -> JOR | K15: Picked | L15: =VLOOKUP($B15,PickedPlayers!D:Q,9,FALSE) -> 0 | M15: =VLOOKUP($C15,Fixtures!A:I,5,FALSE) -> CAP | N15: Captain | O15: =VLOOKUP($B15,PickedPlayers!D:Q,10,FALSE) -> 0 | P15: =VLOOKUP($C15,Fixtures!A:I,6,FALSE) -> TBC | R15: =VLOOKUP($B15,PickedPlayers!D:Q,11,FALSE) -> 0 | S15: =VLOOKUP($C15,Fixtures!A:I,7,FALSE) -> TBC | U15: =VLOOKUP($B15,PickedPlayers!D:Q,12,FALSE) -> 0 | V15: =VLOOKUP($C15,Fixtures!A:I,8,FALSE) -> TBC | X15: =VLOOKUP($B15,PickedPlayers!D:Q,13,FALSE) -> 0 | Y15: =VLOOKUP($C15,Fixtures!A:I,9,FALSE) -> TBC | AA15: =VLOOKUP($B15,PickedPlayers!D:Q,14,FALSE) -> 0
A16: FWD | B16: Raphinha | C16: Brazil | D16: =VLOOKUP($C16,Fixtures!A:I,2,FALSE) -> MOR | E16: Sub 1 | F16: =VLOOKUP($B16,PickedPlayers!D:Q,7,FALSE) -> 0 | G16: =VLOOKUP($C16,Fixtures!A:I,3,FALSE) -> HAI | H16: Vice Captain | I16: =VLOOKUP($B16,PickedPlayers!D:Q,8,FALSE) -> 0 | J16: =VLOOKUP($C16,Fixtures!A:I,4,FALSE) -> SCO | K16: Sub 4 | L16: =VLOOKUP($B16,PickedPlayers!D:Q,9,FALSE) -> 0 | M16: =VLOOKUP($C16,Fixtures!A:I,5,FALSE) -> JAP | N16: Sub 4 | O16: =VLOOKUP($B16,PickedPlayers!D:Q,10,FALSE) -> 0 | P16: =VLOOKUP($C16,Fixtures!A:I,6,FALSE) -> NOR | R16: =VLOOKUP($B16,PickedPlayers!D:Q,11,FALSE) -> 0 | S16: =VLOOKUP($C16,Fixtures!A:I,7,FALSE) -> TBC | U16: =VLOOKUP($B16,PickedPlayers!D:Q,12,FALSE) -> 0 | V16: =VLOOKUP($C16,Fixtures!A:I,8,FALSE) -> TBC | X16: =VLOOKUP($B16,PickedPlayers!D:Q,13,FALSE) -> 0 | Y16: =VLOOKUP($C16,Fixtures!A:I,9,FALSE) -> TBC | AA16: =VLOOKUP($B16,PickedPlayers!D:Q,14,FALSE) -> 0
A17: FWD | B17: L. Sané | C17: Germany | D17: =VLOOKUP($C17,Fixtures!A:I,2,FALSE) -> CUR | E17: Picked | F17: =VLOOKUP($B17,PickedPlayers!D:Q,7,FALSE) -> 0 | G17: =VLOOKUP($C17,Fixtures!A:I,3,FALSE) -> IVO | H17: Sub 1 | I17: =VLOOKUP($B17,PickedPlayers!D:Q,8,FALSE) -> 0 | J17: =VLOOKUP($C17,Fixtures!A:I,4,FALSE) -> ECU | K17: Sub 1 | L17: =VLOOKUP($B17,PickedPlayers!D:Q,9,FALSE) -> 0 | M17: =VLOOKUP($C17,Fixtures!A:I,5,FALSE) -> PAR | N17: Vice Captain | O17: =VLOOKUP($B17,PickedPlayers!D:Q,10,FALSE) -> 0 | P17: =VLOOKUP($C17,Fixtures!A:I,6,FALSE) -> out | R17: =VLOOKUP($B17,PickedPlayers!D:Q,11,FALSE) -> 0 | S17: =VLOOKUP($C17,Fixtures!A:I,7,FALSE) -> out | U17: =VLOOKUP($B17,PickedPlayers!D:Q,12,FALSE) -> 0 | V17: =VLOOKUP($C17,Fixtures!A:I,8,FALSE) -> out | X17: =VLOOKUP($B17,PickedPlayers!D:Q,13,FALSE) -> 0 | Y17: =VLOOKUP($C17,Fixtures!A:I,9,FALSE) -> out | AA17: =VLOOKUP($B17,PickedPlayers!D:Q,14,FALSE) -> 0
A18: FWD | B18: D. Doué | C18: France | D18: =VLOOKUP($C18,Fixtures!A:I,2,FALSE) -> SEN | E18: Sub 2 | F18: =VLOOKUP($B18,PickedPlayers!D:Q,7,FALSE) -> 0 | G18: =VLOOKUP($C18,Fixtures!A:I,3,FALSE) -> IRQ | H18: Picked | I18: =VLOOKUP($B18,PickedPlayers!D:Q,8,FALSE) -> 0 | J18: =VLOOKUP($C18,Fixtures!A:I,4,FALSE) -> NOR | K18: Picked | L18: =VLOOKUP($B18,PickedPlayers!D:Q,9,FALSE) -> 0 | M18: =VLOOKUP($C18,Fixtures!A:I,5,FALSE) -> SWE | N18: Picked | O18: =VLOOKUP($B18,PickedPlayers!D:Q,10,FALSE) -> 0 | P18: =VLOOKUP($C18,Fixtures!A:I,6,FALSE) -> PAR | R18: =VLOOKUP($B18,PickedPlayers!D:Q,11,FALSE) -> 0 | S18: =VLOOKUP($C18,Fixtures!A:I,7,FALSE) -> TBC | U18: =VLOOKUP($B18,PickedPlayers!D:Q,12,FALSE) -> 0 | V18: =VLOOKUP($C18,Fixtures!A:I,8,FALSE) -> TBC | X18: =VLOOKUP($B18,PickedPlayers!D:Q,13,FALSE) -> 0 | Y18: =VLOOKUP($C18,Fixtures!A:I,9,FALSE) -> TBC | AA18: =VLOOKUP($B18,PickedPlayers!D:Q,14,FALSE) -> 0
A19: FWD | B19: Ferran Torres | C19: Spain | D19: =VLOOKUP($C19,Fixtures!A:I,2,FALSE) -> CAP | E19: Vice Captain | F19: =VLOOKUP($B19,PickedPlayers!D:Q,7,FALSE) -> 0 | G19: =VLOOKUP($C19,Fixtures!A:I,3,FALSE) -> SAU | H19: Sub 2 | I19: =VLOOKUP($B19,PickedPlayers!D:Q,8,FALSE) -> 0 | J19: =VLOOKUP($C19,Fixtures!A:I,4,FALSE) -> URU | K19: Picked | L19: =VLOOKUP($B19,PickedPlayers!D:Q,9,FALSE) -> 0 | M19: =VLOOKUP($C19,Fixtures!A:I,5,FALSE) -> AUS | N19: Sub 3 | O19: =VLOOKUP($B19,PickedPlayers!D:Q,10,FALSE) -> 0 | P19: =VLOOKUP($C19,Fixtures!A:I,6,FALSE) -> POR | R19: =VLOOKUP($B19,PickedPlayers!D:Q,11,FALSE) -> 0 | S19: =VLOOKUP($C19,Fixtures!A:I,7,FALSE) -> TBC | U19: =VLOOKUP($B19,PickedPlayers!D:Q,12,FALSE) -> 0 | V19: =VLOOKUP($C19,Fixtures!A:I,8,FALSE) -> TBC | X19: =VLOOKUP($B19,PickedPlayers!D:Q,13,FALSE) -> 0 | Y19: =VLOOKUP($C19,Fixtures!A:I,9,FALSE) -> TBC | AA19: =VLOOKUP($B19,PickedPlayers!D:Q,14,FALSE) -> 0

Sheet Andy
A1: 1 Captain 1 Sub | D1: Group (1) | G1: Group (2) | J1: Group (3) | M1: Last 32 | P1: Last 16 | S1: Quarter Final | V1: Semi Final | Y1: 3rd Place / Final
A2: Position | B2: Player | C2: Nationality | D2: Opposition | E2: Selection | F2: Points | G2: Opposition | H2: Selection | I2: Points | J2: Opposition | K2: Selection | L2: Points | M2: Opposition | N2: Selection | O2: Points | P2: Opposition | Q2: Selection | R2: Points | S2: Opposition | T2: Selection | U2: Points | V2: Opposition | W2: Selection | X2: Points | Y2: Opposition | Z2: Selection | AA2: Points
A3: GK | B3: E. Martínez | C3: Argentina | D3: =VLOOKUP($C3,Fixtures!A:I,2,FALSE) -> ALG | E3: Picked | F3: =VLOOKUP($B3,PickedPlayers!D:Q,7,FALSE) -> 0 | G3: =VLOOKUP($C3,Fixtures!A:I,3,FALSE) -> AUT | H3: Picked | I3: =VLOOKUP($B3,PickedPlayers!D:Q,8,FALSE) -> 0 | J3: =VLOOKUP($C3,Fixtures!A:I,4,FALSE) -> JOR | K3: Picked | L3: =VLOOKUP($B3,PickedPlayers!D:Q,9,FALSE) -> 0 | M3: =VLOOKUP($C3,Fixtures!A:I,5,FALSE) -> CAP | N3: Picked | O3: =VLOOKUP($B3,PickedPlayers!D:Q,10,FALSE) -> 0 | P3: =VLOOKUP($C3,Fixtures!A:I,6,FALSE) -> TBC | R3: =VLOOKUP($B3,PickedPlayers!D:Q,11,FALSE) -> 0 | S3: =VLOOKUP($C3,Fixtures!A:I,7,FALSE) -> TBC | U3: =VLOOKUP($B3,PickedPlayers!D:Q,12,FALSE) -> 0 | V3: =VLOOKUP($C3,Fixtures!A:I,8,FALSE) -> TBC | X3: =VLOOKUP($B3,PickedPlayers!D:Q,13,FALSE) -> 0 | Y3: =VLOOKUP($C3,Fixtures!A:I,9,FALSE) -> TBC | AA3: =VLOOKUP($B3,PickedPlayers!D:Q,14,FALSE) -> 0
A4: GK | B4: G. Kobel | C4: Switzerland | D4: =VLOOKUP($C4,Fixtures!A:I,2,FALSE) -> QAT | E4: Sub GK | F4: =VLOOKUP($B4,PickedPlayers!D:Q,7,FALSE) -> 0 | G4: =VLOOKUP($C4,Fixtures!A:I,3,FALSE) -> BOS | H4: Sub GK | I4: =VLOOKUP($B4,PickedPlayers!D:Q,8,FALSE) -> 0 | J4: =VLOOKUP($C4,Fixtures!A:I,4,FALSE) -> CAN | K4: Sub GK | L4: =VLOOKUP($B4,PickedPlayers!D:Q,9,FALSE) -> 0 | M4: =VLOOKUP($C4,Fixtures!A:I,5,FALSE) -> ALG | N4: Sub GK | O4: =VLOOKUP($B4,PickedPlayers!D:Q,10,FALSE) -> 0 | P4: =VLOOKUP($C4,Fixtures!A:I,6,FALSE) -> TBC | R4: =VLOOKUP($B4,PickedPlayers!D:Q,11,FALSE) -> 0 | S4: =VLOOKUP($C4,Fixtures!A:I,7,FALSE) -> TBC | U4: =VLOOKUP($B4,PickedPlayers!D:Q,12,FALSE) -> 0 | V4: =VLOOKUP($C4,Fixtures!A:I,8,FALSE) -> TBC | X4: =VLOOKUP($B4,PickedPlayers!D:Q,13,FALSE) -> 0 | Y4: =VLOOKUP($C4,Fixtures!A:I,9,FALSE) -> TBC | AA4: =VLOOKUP($B4,PickedPlayers!D:Q,14,FALSE) -> 0
A5: DEF | B5: V. van Dijk | C5: Netherlands | D5: =VLOOKUP($C5,Fixtures!A:I,2,FALSE) -> JAP | E5: Picked | F5: =VLOOKUP($B5,PickedPlayers!D:Q,7,FALSE) -> 0 | G5: =VLOOKUP($C5,Fixtures!A:I,3,FALSE) -> SWE | H5: Sub 4 | I5: =VLOOKUP($B5,PickedPlayers!D:Q,8,FALSE) -> 0 | J5: =VLOOKUP($C5,Fixtures!A:I,4,FALSE) -> TUN | K5: Picked | L5: =VLOOKUP($B5,PickedPlayers!D:Q,9,FALSE) -> 0 | M5: =VLOOKUP($C5,Fixtures!A:I,5,FALSE) -> MOR | N5: Sub 4 | O5: =VLOOKUP($B5,PickedPlayers!D:Q,10,FALSE) -> 0 | P5: =VLOOKUP($C5,Fixtures!A:I,6,FALSE) -> out | R5: =VLOOKUP($B5,PickedPlayers!D:Q,11,FALSE) -> 0 | S5: =VLOOKUP($C5,Fixtures!A:I,7,FALSE) -> out | U5: =VLOOKUP($B5,PickedPlayers!D:Q,12,FALSE) -> 0 | V5: =VLOOKUP($C5,Fixtures!A:I,8,FALSE) -> out | X5: =VLOOKUP($B5,PickedPlayers!D:Q,13,FALSE) -> 0 | Y5: =VLOOKUP($C5,Fixtures!A:I,9,FALSE) -> out | AA5: =VLOOKUP($B5,PickedPlayers!D:Q,14,FALSE) -> 0
A6: DEF | B6: Pedro Porro | C6: Spain | D6: =VLOOKUP($C6,Fixtures!A:I,2,FALSE) -> CAP | E6: Subbed Off | F6: =VLOOKUP($B6,PickedPlayers!D:Q,7,FALSE) -> 0 | G6: =VLOOKUP($C6,Fixtures!A:I,3,FALSE) -> SAU | H6: Picked | I6: =VLOOKUP($B6,PickedPlayers!D:Q,8,FALSE) -> 0 | J6: =VLOOKUP($C6,Fixtures!A:I,4,FALSE) -> URU | K6: Subbed Off | L6: =VLOOKUP($B6,PickedPlayers!D:Q,9,FALSE) -> 0 | M6: =VLOOKUP($C6,Fixtures!A:I,5,FALSE) -> AUS | N6: Picked | O6: =VLOOKUP($B6,PickedPlayers!D:Q,10,FALSE) -> 0 | P6: =VLOOKUP($C6,Fixtures!A:I,6,FALSE) -> POR | R6: =VLOOKUP($B6,PickedPlayers!D:Q,11,FALSE) -> 0 | S6: =VLOOKUP($C6,Fixtures!A:I,7,FALSE) -> TBC | U6: =VLOOKUP($B6,PickedPlayers!D:Q,12,FALSE) -> 0 | V6: =VLOOKUP($C6,Fixtures!A:I,8,FALSE) -> TBC | X6: =VLOOKUP($B6,PickedPlayers!D:Q,13,FALSE) -> 0 | Y6: =VLOOKUP($C6,Fixtures!A:I,9,FALSE) -> TBC | AA6: =VLOOKUP($B6,PickedPlayers!D:Q,14,FALSE) -> 0
A7: DEF | B7: M. De Cuyper | C7: Belgium | D7: =VLOOKUP($C7,Fixtures!A:I,2,FALSE) -> EGY | E7: Picked | F7: =VLOOKUP($B7,PickedPlayers!D:Q,7,FALSE) -> 0 | G7: =VLOOKUP($C7,Fixtures!A:I,3,FALSE) -> IRA | H7: Picked | I7: =VLOOKUP($B7,PickedPlayers!D:Q,8,FALSE) -> 0 | J7: =VLOOKUP($C7,Fixtures!A:I,4,FALSE) -> NZL | K7: Picked | L7: =VLOOKUP($B7,PickedPlayers!D:Q,9,FALSE) -> 0 | M7: =VLOOKUP($C7,Fixtures!A:I,5,FALSE) -> SEN | N7: Picked | O7: =VLOOKUP($B7,PickedPlayers!D:Q,10,FALSE) -> 0 | P7: =VLOOKUP($C7,Fixtures!A:I,6,FALSE) -> USA | R7: =VLOOKUP($B7,PickedPlayers!D:Q,11,FALSE) -> 0 | S7: =VLOOKUP($C7,Fixtures!A:I,7,FALSE) -> TBC | U7: =VLOOKUP($B7,PickedPlayers!D:Q,12,FALSE) -> 0 | V7: =VLOOKUP($C7,Fixtures!A:I,8,FALSE) -> TBC | X7: =VLOOKUP($B7,PickedPlayers!D:Q,13,FALSE) -> 0 | Y7: =VLOOKUP($C7,Fixtures!A:I,9,FALSE) -> TBC | AA7: =VLOOKUP($B7,PickedPlayers!D:Q,14,FALSE) -> 0
A8: DEF | B8: E. Konsa | C8: England | D8: =VLOOKUP($C8,Fixtures!A:I,2,FALSE) -> CRO | E8: Sub 4 | F8: =VLOOKUP($B8,PickedPlayers!D:Q,7,FALSE) -> 0 | G8: =VLOOKUP($C8,Fixtures!A:I,3,FALSE) -> GHA | H8: Picked | I8: =VLOOKUP($B8,PickedPlayers!D:Q,8,FALSE) -> 0 | J8: =VLOOKUP($C8,Fixtures!A:I,4,FALSE) -> PAN | K8: Picked | L8: =VLOOKUP($B8,PickedPlayers!D:Q,9,FALSE) -> 0 | M8: =VLOOKUP($C8,Fixtures!A:I,5,FALSE) -> CON | N8: Picked | O8: =VLOOKUP($B8,PickedPlayers!D:Q,10,FALSE) -> 0 | P8: =VLOOKUP($C8,Fixtures!A:I,6,FALSE) -> MEX | R8: =VLOOKUP($B8,PickedPlayers!D:Q,11,FALSE) -> 0 | S8: =VLOOKUP($C8,Fixtures!A:I,7,FALSE) -> TBC | U8: =VLOOKUP($B8,PickedPlayers!D:Q,12,FALSE) -> 0 | V8: =VLOOKUP($C8,Fixtures!A:I,8,FALSE) -> TBC | X8: =VLOOKUP($B8,PickedPlayers!D:Q,13,FALSE) -> 0 | Y8: =VLOOKUP($C8,Fixtures!A:I,9,FALSE) -> TBC | AA8: =VLOOKUP($B8,PickedPlayers!D:Q,14,FALSE) -> 0
A9: DEF | B9: N. Schlotterbeck | C9: Germany | D9: =VLOOKUP($C9,Fixtures!A:I,2,FALSE) -> CUR | E9: Captain | F9: =VLOOKUP($B9,PickedPlayers!D:Q,7,FALSE) -> 0 | G9: =VLOOKUP($C9,Fixtures!A:I,3,FALSE) -> IVO | H9: Picked | I9: =VLOOKUP($B9,PickedPlayers!D:Q,8,FALSE) -> 0 | J9: =VLOOKUP($C9,Fixtures!A:I,4,FALSE) -> ECU | K9: Sub 4 | L9: =VLOOKUP($B9,PickedPlayers!D:Q,9,FALSE) -> 0 | M9: CUT | P9: CUT | S9: CUT | V9: CUT | Y9: CUT
A10: DEF | B10: N. Brown | C10: Germany | M10: =VLOOKUP($C10,Fixtures!A:I,5,FALSE) -> PAR | N10: Picked | O10: =VLOOKUP($B10,PickedPlayers!D:Q,10,FALSE) -> 0 | P10: =VLOOKUP($C10,Fixtures!A:I,6,FALSE) -> out | R10: =VLOOKUP($B10,PickedPlayers!D:Q,11,FALSE) -> 0 | S10: =VLOOKUP($C10,Fixtures!A:I,7,FALSE) -> out | U10: =VLOOKUP($B10,PickedPlayers!D:Q,12,FALSE) -> 0 | V10: =VLOOKUP($C10,Fixtures!A:I,8,FALSE) -> out | X10: =VLOOKUP($B10,PickedPlayers!D:Q,13,FALSE) -> 0 | Y10: =VLOOKUP($C10,Fixtures!A:I,9,FALSE) -> out | AA10: =VLOOKUP($B10,PickedPlayers!D:Q,14,FALSE) -> 0
A11: MID | B11: Bruno Fernandes | C11: Portugal | D11: =VLOOKUP($C11,Fixtures!A:I,2,FALSE) -> CON | E11: Picked | F11: =VLOOKUP($B11,PickedPlayers!D:Q,7,FALSE) -> 0 | G11: =VLOOKUP($C11,Fixtures!A:I,3,FALSE) -> UZB | H11: Picked | I11: =VLOOKUP($B11,PickedPlayers!D:Q,8,FALSE) -> 0 | J11: =VLOOKUP($C11,Fixtures!A:I,4,FALSE) -> COL | K11: Picked | L11: =VLOOKUP($B11,PickedPlayers!D:Q,9,FALSE) -> 0 | M11: =VLOOKUP($C11,Fixtures!A:I,5,FALSE) -> CRO | N11: Picked | O11: =VLOOKUP($B11,PickedPlayers!D:Q,10,FALSE) -> 0 | P11: =VLOOKUP($C11,Fixtures!A:I,6,FALSE) -> SPA | R11: =VLOOKUP($B11,PickedPlayers!D:Q,11,FALSE) -> 0 | S11: =VLOOKUP($C11,Fixtures!A:I,7,FALSE) -> TBC | U11: =VLOOKUP($B11,PickedPlayers!D:Q,12,FALSE) -> 0 | V11: =VLOOKUP($C11,Fixtures!A:I,8,FALSE) -> TBC | X11: =VLOOKUP($B11,PickedPlayers!D:Q,13,FALSE) -> 0 | Y11: =VLOOKUP($C11,Fixtures!A:I,9,FALSE) -> TBC | AA11: =VLOOKUP($B11,PickedPlayers!D:Q,14,FALSE) -> 0
A12: MID | B12: Rodri | C12: Spain | D12: =VLOOKUP($C12,Fixtures!A:I,2,FALSE) -> CAP | E12: Picked | F12: =VLOOKUP($B12,PickedPlayers!D:Q,7,FALSE) -> 0 | G12: =VLOOKUP($C12,Fixtures!A:I,3,FALSE) -> SAU | H12: Picked | I12: =VLOOKUP($B12,PickedPlayers!D:Q,8,FALSE) -> 0 | J12: =VLOOKUP($C12,Fixtures!A:I,4,FALSE) -> URU | K12: Picked | L12: =VLOOKUP($B12,PickedPlayers!D:Q,9,FALSE) -> 0 | M12: =VLOOKUP($C12,Fixtures!A:I,5,FALSE) -> AUS | N12: Picked | O12: =VLOOKUP($B12,PickedPlayers!D:Q,10,FALSE) -> 0 | P12: =VLOOKUP($C12,Fixtures!A:I,6,FALSE) -> POR | R12: =VLOOKUP($B12,PickedPlayers!D:Q,11,FALSE) -> 0 | S12: =VLOOKUP($C12,Fixtures!A:I,7,FALSE) -> TBC | U12: =VLOOKUP($B12,PickedPlayers!D:Q,12,FALSE) -> 0 | V12: =VLOOKUP($C12,Fixtures!A:I,8,FALSE) -> TBC | X12: =VLOOKUP($B12,PickedPlayers!D:Q,13,FALSE) -> 0 | Y12: =VLOOKUP($C12,Fixtures!A:I,9,FALSE) -> TBC | AA12: =VLOOKUP($B12,PickedPlayers!D:Q,14,FALSE) -> 0
A13: MID | B13: F. de Jong | C13: Netherlands | D13: =VLOOKUP($C13,Fixtures!A:I,2,FALSE) -> JAP | E13: Picked | F13: =VLOOKUP($B13,PickedPlayers!D:Q,7,FALSE) -> 0 | G13: =VLOOKUP($C13,Fixtures!A:I,3,FALSE) -> SWE | H13: Picked | I13: =VLOOKUP($B13,PickedPlayers!D:Q,8,FALSE) -> 0 | J13: =VLOOKUP($C13,Fixtures!A:I,4,FALSE) -> TUN | K13: Picked | L13: =VLOOKUP($B13,PickedPlayers!D:Q,9,FALSE) -> 0 | M13: =VLOOKUP($C13,Fixtures!A:I,5,FALSE) -> MOR | N13: Sub 3 | O13: =VLOOKUP($B13,PickedPlayers!D:Q,10,FALSE) -> 0 | P13: =VLOOKUP($C13,Fixtures!A:I,6,FALSE) -> out | R13: =VLOOKUP($B13,PickedPlayers!D:Q,11,FALSE) -> 0 | S13: =VLOOKUP($C13,Fixtures!A:I,7,FALSE) -> out | U13: =VLOOKUP($B13,PickedPlayers!D:Q,12,FALSE) -> 0 | V13: =VLOOKUP($C13,Fixtures!A:I,8,FALSE) -> out | X13: =VLOOKUP($B13,PickedPlayers!D:Q,13,FALSE) -> 0 | Y13: =VLOOKUP($C13,Fixtures!A:I,9,FALSE) -> out | AA13: =VLOOKUP($B13,PickedPlayers!D:Q,14,FALSE) -> 0
A14: MID | B14: I. Sangaré | C14: Ivory Coast | D14: =VLOOKUP($C14,Fixtures!A:I,2,FALSE) -> ECU | E14: Picked | F14: =VLOOKUP($B14,PickedPlayers!D:Q,7,FALSE) -> 0 | G14: =VLOOKUP($C14,Fixtures!A:I,3,FALSE) -> GER | H14: Sub 3 | I14: =VLOOKUP($B14,PickedPlayers!D:Q,8,FALSE) -> 0 | J14: =VLOOKUP($C14,Fixtures!A:I,4,FALSE) -> CUR | K14: Picked | L14: =VLOOKUP($B14,PickedPlayers!D:Q,9,FALSE) -> 0 | M14: =VLOOKUP($C14,Fixtures!A:I,5,FALSE) -> NOR | N14: Picked | O14: =VLOOKUP($B14,PickedPlayers!D:Q,10,FALSE) -> 0 | P14: =VLOOKUP($C14,Fixtures!A:I,6,FALSE) -> out | R14: =VLOOKUP($B14,PickedPlayers!D:Q,11,FALSE) -> 0 | S14: =VLOOKUP($C14,Fixtures!A:I,7,FALSE) -> out | U14: =VLOOKUP($B14,PickedPlayers!D:Q,12,FALSE) -> 0 | V14: =VLOOKUP($C14,Fixtures!A:I,8,FALSE) -> out | X14: =VLOOKUP($B14,PickedPlayers!D:Q,13,FALSE) -> 0 | Y14: =VLOOKUP($C14,Fixtures!A:I,9,FALSE) -> out | AA14: =VLOOKUP($B14,PickedPlayers!D:Q,14,FALSE) -> 0
A15: FWD | B15: J. Alvarez | C15: Argentina | D15: =VLOOKUP($C15,Fixtures!A:I,2,FALSE) -> ALG | E15: Vice Captain | F15: =VLOOKUP($B15,PickedPlayers!D:Q,7,FALSE) -> 0 | G15: =VLOOKUP($C15,Fixtures!A:I,3,FALSE) -> AUT | H15: Picked | I15: =VLOOKUP($B15,PickedPlayers!D:Q,8,FALSE) -> 0 | J15: =VLOOKUP($C15,Fixtures!A:I,4,FALSE) -> JOR | K15: Sub 2 | L15: =VLOOKUP($B15,PickedPlayers!D:Q,9,FALSE) -> 0 | M15: =VLOOKUP($C15,Fixtures!A:I,5,FALSE) -> CAP | N15: Sub 2 | O15: =VLOOKUP($B15,PickedPlayers!D:Q,10,FALSE) -> 0 | P15: =VLOOKUP($C15,Fixtures!A:I,6,FALSE) -> TBC | R15: =VLOOKUP($B15,PickedPlayers!D:Q,11,FALSE) -> 0 | S15: =VLOOKUP($C15,Fixtures!A:I,7,FALSE) -> TBC | U15: =VLOOKUP($B15,PickedPlayers!D:Q,12,FALSE) -> 0 | V15: =VLOOKUP($C15,Fixtures!A:I,8,FALSE) -> TBC | X15: =VLOOKUP($B15,PickedPlayers!D:Q,13,FALSE) -> 0 | Y15: =VLOOKUP($C15,Fixtures!A:I,9,FALSE) -> TBC | AA15: =VLOOKUP($B15,PickedPlayers!D:Q,14,FALSE) -> 0
A16: FWD | B16: B. Saka | C16: England | D16: =VLOOKUP($C16,Fixtures!A:I,2,FALSE) -> CRO | E16: Picked | F16: =VLOOKUP($B16,PickedPlayers!D:Q,7,FALSE) -> 0 | G16: =VLOOKUP($C16,Fixtures!A:I,3,FALSE) -> GHA | H16: Sub 1 | I16: =VLOOKUP($B16,PickedPlayers!D:Q,8,FALSE) -> 0 | J16: =VLOOKUP($C16,Fixtures!A:I,4,FALSE) -> PAN | K16: Picked | L16: =VLOOKUP($B16,PickedPlayers!D:Q,9,FALSE) -> 0 | M16: =VLOOKUP($C16,Fixtures!A:I,5,FALSE) -> CON | N16: Picked | O16: =VLOOKUP($B16,PickedPlayers!D:Q,10,FALSE) -> 0 | P16: =VLOOKUP($C16,Fixtures!A:I,6,FALSE) -> MEX | R16: =VLOOKUP($B16,PickedPlayers!D:Q,11,FALSE) -> 0 | S16: =VLOOKUP($C16,Fixtures!A:I,7,FALSE) -> TBC | U16: =VLOOKUP($B16,PickedPlayers!D:Q,12,FALSE) -> 0 | V16: =VLOOKUP($C16,Fixtures!A:I,8,FALSE) -> TBC | X16: =VLOOKUP($B16,PickedPlayers!D:Q,13,FALSE) -> 0 | Y16: =VLOOKUP($C16,Fixtures!A:I,9,FALSE) -> TBC | AA16: =VLOOKUP($B16,PickedPlayers!D:Q,14,FALSE) -> 0
A17: FWD | B17: L. Díaz | C17: Colombia | D17: =VLOOKUP($C17,Fixtures!A:I,2,FALSE) -> UZB | E17: Picked | F17: =VLOOKUP($B17,PickedPlayers!D:Q,7,FALSE) -> 0 | G17: =VLOOKUP($C17,Fixtures!A:I,3,FALSE) -> CON | H17: Vice Captain | I17: =VLOOKUP($B17,PickedPlayers!D:Q,8,FALSE) -> 0 | J17: =VLOOKUP($C17,Fixtures!A:I,4,FALSE) -> POR | K17: Picked | L17: =VLOOKUP($B17,PickedPlayers!D:Q,9,FALSE) -> 0 | M17: =VLOOKUP($C17,Fixtures!A:I,5,FALSE) -> GHA | N17: Vice Captain | O17: =VLOOKUP($B17,PickedPlayers!D:Q,10,FALSE) -> 0 | P17: =VLOOKUP($C17,Fixtures!A:I,6,FALSE) -> TBC | R17: =VLOOKUP($B17,PickedPlayers!D:Q,11,FALSE) -> 0 | S17: =VLOOKUP($C17,Fixtures!A:I,7,FALSE) -> TBC | U17: =VLOOKUP($B17,PickedPlayers!D:Q,12,FALSE) -> 0 | V17: =VLOOKUP($C17,Fixtures!A:I,8,FALSE) -> TBC | X17: =VLOOKUP($B17,PickedPlayers!D:Q,13,FALSE) -> 0 | Y17: =VLOOKUP($C17,Fixtures!A:I,9,FALSE) -> TBC | AA17: =VLOOKUP($B17,PickedPlayers!D:Q,14,FALSE) -> 0
A18: FWD | B18: Mohamed Salah | C18: Egypt | D18: =VLOOKUP($C18,Fixtures!A:I,2,FALSE) -> BEL | E18: Sub 1 | F18: =VLOOKUP($B18,PickedPlayers!D:Q,7,FALSE) -> 0 | G18: =VLOOKUP($C18,Fixtures!A:I,3,FALSE) -> NZL | H18: Captain | I18: =VLOOKUP($B18,PickedPlayers!D:Q,8,FALSE) -> 0 | J18: =VLOOKUP($C18,Fixtures!A:I,4,FALSE) -> IRA | K18: Captain | L18: =VLOOKUP($B18,PickedPlayers!D:Q,9,FALSE) -> 0 | M18: =VLOOKUP($C18,Fixtures!A:I,5,FALSE) -> AUS | N18: Captain | O18: =VLOOKUP($B18,PickedPlayers!D:Q,10,FALSE) -> 0 | P18: =VLOOKUP($C18,Fixtures!A:I,6,FALSE) -> TBC | R18: =VLOOKUP($B18,PickedPlayers!D:Q,11,FALSE) -> 0 | S18: =VLOOKUP($C18,Fixtures!A:I,7,FALSE) -> TBC | U18: =VLOOKUP($B18,PickedPlayers!D:Q,12,FALSE) -> 0 | V18: =VLOOKUP($C18,Fixtures!A:I,8,FALSE) -> TBC | X18: =VLOOKUP($B18,PickedPlayers!D:Q,13,FALSE) -> 0 | Y18: =VLOOKUP($C18,Fixtures!A:I,9,FALSE) -> TBC | AA18: =VLOOKUP($B18,PickedPlayers!D:Q,14,FALSE) -> 0
A19: FWD | B19: M. Depay | C19: Netherlands | D19: =VLOOKUP($C19,Fixtures!A:I,2,FALSE) -> JAP | E19: Sub 2 | F19: =VLOOKUP($B19,PickedPlayers!D:Q,7,FALSE) -> 0 | G19: =VLOOKUP($C19,Fixtures!A:I,3,FALSE) -> SWE | H19: Sub 2 | I19: =VLOOKUP($B19,PickedPlayers!D:Q,8,FALSE) -> 0 | J19: =VLOOKUP($C19,Fixtures!A:I,4,FALSE) -> TUN | K19: Sub 1 | L19: =VLOOKUP($B19,PickedPlayers!D:Q,9,FALSE) -> 0 | M19: =VLOOKUP($C19,Fixtures!A:I,5,FALSE) -> MOR | N19: Sub 1 | O19: =VLOOKUP($B19,PickedPlayers!D:Q,10,FALSE) -> 0 | P19: =VLOOKUP($C19,Fixtures!A:I,6,FALSE) -> out | R19: =VLOOKUP($B19,PickedPlayers!D:Q,11,FALSE) -> 0 | S19: =VLOOKUP($C19,Fixtures!A:I,7,FALSE) -> out | U19: =VLOOKUP($B19,PickedPlayers!D:Q,12,FALSE) -> 0 | V19: =VLOOKUP($C19,Fixtures!A:I,8,FALSE) -> out | X19: =VLOOKUP($B19,PickedPlayers!D:Q,13,FALSE) -> 0 | Y19: =VLOOKUP($C19,Fixtures!A:I,9,FALSE) -> out | AA19: =VLOOKUP($B19,PickedPlayers!D:Q,14,FALSE) -> 0

Sheet WillS
A1: 1 Captain 0 Sub | D1: Group (1) | G1: Group (2) | J1: Group (3) | M1: Last 32 | P1: Last 16 | S1: Quarter Final | V1: Semi Final | Y1: 3rd Place / Final
A2: Position | B2: Player | C2: Nationality | D2: Opposition | E2: Selection | F2: Points | G2: Opposition | H2: Selection | I2: Points | J2: Opposition | K2: Selection | L2: Points | M2: Opposition | N2: Selection | O2: Points | P2: Opposition | Q2: Selection | R2: Points | S2: Opposition | T2: Selection | U2: Points | V2: Opposition | W2: Selection | X2: Points | Y2: Opposition | Z2: Selection | AA2: Points
A3: GK | B3: M. Neuer | C3: Germany | D3: =VLOOKUP($C3,Fixtures!A:I,2,FALSE) -> CUR | E3: Picked | F3: =VLOOKUP($B3,PickedPlayers!D:Q,7,FALSE) -> 0 | G3: =VLOOKUP($C3,Fixtures!A:I,3,FALSE) -> IVO | H3: Picked | I3: =VLOOKUP($B3,PickedPlayers!D:Q,8,FALSE) -> 0 | J3: =VLOOKUP($C3,Fixtures!A:I,4,FALSE) -> ECU | K3: Sub GK | L3: =VLOOKUP($B3,PickedPlayers!D:Q,9,FALSE) -> 0 | M3: =VLOOKUP($C3,Fixtures!A:I,5,FALSE) -> PAR | N3: Picked | O3: =VLOOKUP($B3,PickedPlayers!D:Q,10,FALSE) -> 0 | P3: =VLOOKUP($C3,Fixtures!A:I,6,FALSE) -> out | R3: =VLOOKUP($B3,PickedPlayers!D:Q,11,FALSE) -> 0 | S3: =VLOOKUP($C3,Fixtures!A:I,7,FALSE) -> out | U3: =VLOOKUP($B3,PickedPlayers!D:Q,12,FALSE) -> 0 | V3: =VLOOKUP($C3,Fixtures!A:I,8,FALSE) -> out | X3: =VLOOKUP($B3,PickedPlayers!D:Q,13,FALSE) -> 0 | Y3: =VLOOKUP($C3,Fixtures!A:I,9,FALSE) -> out | AA3: =VLOOKUP($B3,PickedPlayers!D:Q,14,FALSE) -> 0
A4: GK | B4: B. Verbruggen | C4: Netherlands | D4: =VLOOKUP($C4,Fixtures!A:I,2,FALSE) -> JAP | E4: Sub GK | F4: =VLOOKUP($B4,PickedPlayers!D:Q,7,FALSE) -> 0 | G4: =VLOOKUP($C4,Fixtures!A:I,3,FALSE) -> SWE | H4: Sub GK | I4: =VLOOKUP($B4,PickedPlayers!D:Q,8,FALSE) -> 0 | J4: =VLOOKUP($C4,Fixtures!A:I,4,FALSE) -> TUN | K4: Picked | L4: =VLOOKUP($B4,PickedPlayers!D:Q,9,FALSE) -> 0 | M4: =VLOOKUP($C4,Fixtures!A:I,5,FALSE) -> MOR | N4: Sub GK | O4: =VLOOKUP($B4,PickedPlayers!D:Q,10,FALSE) -> 0 | P4: =VLOOKUP($C4,Fixtures!A:I,6,FALSE) -> out | R4: =VLOOKUP($B4,PickedPlayers!D:Q,11,FALSE) -> 0 | S4: =VLOOKUP($C4,Fixtures!A:I,7,FALSE) -> out | U4: =VLOOKUP($B4,PickedPlayers!D:Q,12,FALSE) -> 0 | V4: =VLOOKUP($C4,Fixtures!A:I,8,FALSE) -> out | X4: =VLOOKUP($B4,PickedPlayers!D:Q,13,FALSE) -> 0 | Y4: =VLOOKUP($C4,Fixtures!A:I,9,FALSE) -> out | AA4: =VLOOKUP($B4,PickedPlayers!D:Q,14,FALSE) -> 0
A5: DEF | B5: J. Koundé | C5: France | D5: =VLOOKUP($C5,Fixtures!A:I,2,FALSE) -> SEN | E5: Picked | F5: =VLOOKUP($B5,PickedPlayers!D:Q,7,FALSE) -> 0 | G5: =VLOOKUP($C5,Fixtures!A:I,3,FALSE) -> IRQ | H5: Picked | I5: =VLOOKUP($B5,PickedPlayers!D:Q,8,FALSE) -> 0 | J5: =VLOOKUP($C5,Fixtures!A:I,4,FALSE) -> NOR | K5: Picked | L5: =VLOOKUP($B5,PickedPlayers!D:Q,9,FALSE) -> 0 | M5: =VLOOKUP($C5,Fixtures!A:I,5,FALSE) -> SWE | N5: Picked | O5: =VLOOKUP($B5,PickedPlayers!D:Q,10,FALSE) -> 0 | P5: =VLOOKUP($C5,Fixtures!A:I,6,FALSE) -> PAR | Q5: Captain | R5: =VLOOKUP($B5,PickedPlayers!D:Q,11,FALSE) -> 0 | S5: =VLOOKUP($C5,Fixtures!A:I,7,FALSE) -> TBC | U5: =VLOOKUP($B5,PickedPlayers!D:Q,12,FALSE) -> 0 | V5: =VLOOKUP($C5,Fixtures!A:I,8,FALSE) -> TBC | X5: =VLOOKUP($B5,PickedPlayers!D:Q,13,FALSE) -> 0 | Y5: =VLOOKUP($C5,Fixtures!A:I,9,FALSE) -> TBC | AA5: =VLOOKUP($B5,PickedPlayers!D:Q,14,FALSE) -> 0
A6: DEF | B6: Nuno Mendes | C6: Portugal | D6: =VLOOKUP($C6,Fixtures!A:I,2,FALSE) -> CON | E6: Picked | F6: =VLOOKUP($B6,PickedPlayers!D:Q,7,FALSE) -> 0 | G6: =VLOOKUP($C6,Fixtures!A:I,3,FALSE) -> UZB | H6: Picked | I6: =VLOOKUP($B6,PickedPlayers!D:Q,8,FALSE) -> 0 | J6: =VLOOKUP($C6,Fixtures!A:I,4,FALSE) -> COL | K6: Picked | L6: =VLOOKUP($B6,PickedPlayers!D:Q,9,FALSE) -> 0 | M6: =VLOOKUP($C6,Fixtures!A:I,5,FALSE) -> CRO | N6: Sub 2 | O6: =VLOOKUP($B6,PickedPlayers!D:Q,10,FALSE) -> 0 | P6: =VLOOKUP($C6,Fixtures!A:I,6,FALSE) -> SPA | Q6: Picked | R6: =VLOOKUP($B6,PickedPlayers!D:Q,11,FALSE) -> 0 | S6: =VLOOKUP($C6,Fixtures!A:I,7,FALSE) -> TBC | U6: =VLOOKUP($B6,PickedPlayers!D:Q,12,FALSE) -> 0 | V6: =VLOOKUP($C6,Fixtures!A:I,8,FALSE) -> TBC | X6: =VLOOKUP($B6,PickedPlayers!D:Q,13,FALSE) -> 0 | Y6: =VLOOKUP($C6,Fixtures!A:I,9,FALSE) -> TBC | AA6: =VLOOKUP($B6,PickedPlayers!D:Q,14,FALSE) -> 0
A7: DEF | B7: D. Dumfries | C7: Netherlands | D7: =VLOOKUP($C7,Fixtures!A:I,2,FALSE) -> JAP | E7: Picked | F7: =VLOOKUP($B7,PickedPlayers!D:Q,7,FALSE) -> 0 | G7: =VLOOKUP($C7,Fixtures!A:I,3,FALSE) -> SWE | H7: Picked | I7: =VLOOKUP($B7,PickedPlayers!D:Q,8,FALSE) -> 0 | J7: =VLOOKUP($C7,Fixtures!A:I,4,FALSE) -> TUN | K7: Vice Captain | L7: =VLOOKUP($B7,PickedPlayers!D:Q,9,FALSE) -> 0 | M7: =VLOOKUP($C7,Fixtures!A:I,5,FALSE) -> MOR | N7: Picked | O7: =VLOOKUP($B7,PickedPlayers!D:Q,10,FALSE) -> 0 | P7: =VLOOKUP($C7,Fixtures!A:I,6,FALSE) -> out | R7: =VLOOKUP($B7,PickedPlayers!D:Q,11,FALSE) -> 0 | S7: =VLOOKUP($C7,Fixtures!A:I,7,FALSE) -> out | U7: =VLOOKUP($B7,PickedPlayers!D:Q,12,FALSE) -> 0 | V7: =VLOOKUP($C7,Fixtures!A:I,8,FALSE) -> out | X7: =VLOOKUP($B7,PickedPlayers!D:Q,13,FALSE) -> 0 | Y7: =VLOOKUP($C7,Fixtures!A:I,9,FALSE) -> out | AA7: =VLOOKUP($B7,PickedPlayers!D:Q,14,FALSE) -> 0
A8: DEF | B8: C. Romero | C8: Argentina | D8: =VLOOKUP($C8,Fixtures!A:I,2,FALSE) -> ALG | E8: Sub 3 | F8: =VLOOKUP($B8,PickedPlayers!D:Q,7,FALSE) -> 0 | G8: =VLOOKUP($C8,Fixtures!A:I,3,FALSE) -> AUT | H8: Sub 3 | I8: =VLOOKUP($B8,PickedPlayers!D:Q,8,FALSE) -> 0 | J8: =VLOOKUP($C8,Fixtures!A:I,4,FALSE) -> JOR | K8: Subbed Off | L8: =VLOOKUP($B8,PickedPlayers!D:Q,9,FALSE) -> 0 | M8: =VLOOKUP($C8,Fixtures!A:I,5,FALSE) -> CAP | N8: Picked | O8: =VLOOKUP($B8,PickedPlayers!D:Q,10,FALSE) -> 0 | P8: =VLOOKUP($C8,Fixtures!A:I,6,FALSE) -> TBC | Q8: Picked | R8: =VLOOKUP($B8,PickedPlayers!D:Q,11,FALSE) -> 0 | S8: =VLOOKUP($C8,Fixtures!A:I,7,FALSE) -> TBC | U8: =VLOOKUP($B8,PickedPlayers!D:Q,12,FALSE) -> 0 | V8: =VLOOKUP($C8,Fixtures!A:I,8,FALSE) -> TBC | X8: =VLOOKUP($B8,PickedPlayers!D:Q,13,FALSE) -> 0 | Y8: =VLOOKUP($C8,Fixtures!A:I,9,FALSE) -> TBC | AA8: =VLOOKUP($B8,PickedPlayers!D:Q,14,FALSE) -> 0
A9: DEF | B9: Pau Cubarsí | C9: Spain | D9: =VLOOKUP($C9,Fixtures!A:I,2,FALSE) -> CAP | E9: Picked | F9: =VLOOKUP($B9,PickedPlayers!D:Q,7,FALSE) -> 0 | G9: =VLOOKUP($C9,Fixtures!A:I,3,FALSE) -> SAU | H9: Picked | I9: =VLOOKUP($B9,PickedPlayers!D:Q,8,FALSE) -> 0 | J9: =VLOOKUP($C9,Fixtures!A:I,4,FALSE) -> URU | K9: Picked | L9: =VLOOKUP($B9,PickedPlayers!D:Q,9,FALSE) -> 0 | M9: =VLOOKUP($C9,Fixtures!A:I,5,FALSE) -> AUS | N9: Picked | O9: =VLOOKUP($B9,PickedPlayers!D:Q,10,FALSE) -> 0 | P9: =VLOOKUP($C9,Fixtures!A:I,6,FALSE) -> POR | Q9: Picked | R9: =VLOOKUP($B9,PickedPlayers!D:Q,11,FALSE) -> 0 | S9: =VLOOKUP($C9,Fixtures!A:I,7,FALSE) -> TBC | U9: =VLOOKUP($B9,PickedPlayers!D:Q,12,FALSE) -> 0 | V9: =VLOOKUP($C9,Fixtures!A:I,8,FALSE) -> TBC | X9: =VLOOKUP($B9,PickedPlayers!D:Q,13,FALSE) -> 0 | Y9: =VLOOKUP($C9,Fixtures!A:I,9,FALSE) -> TBC | AA9: =VLOOKUP($B9,PickedPlayers!D:Q,14,FALSE) -> 0
A10: MID | B10: J. Musiala | C10: Germany | D10: =VLOOKUP($C10,Fixtures!A:I,2,FALSE) -> CUR | E10: Picked | F10: =VLOOKUP($B10,PickedPlayers!D:Q,7,FALSE) -> 0 | G10: =VLOOKUP($C10,Fixtures!A:I,3,FALSE) -> IVO | H10: Picked | I10: =VLOOKUP($B10,PickedPlayers!D:Q,8,FALSE) -> 0 | J10: =VLOOKUP($C10,Fixtures!A:I,4,FALSE) -> ECU | K10: Picked | L10: =VLOOKUP($B10,PickedPlayers!D:Q,9,FALSE) -> 0 | M10: =VLOOKUP($C10,Fixtures!A:I,5,FALSE) -> PAR | N10: Vice Captain | O10: =VLOOKUP($B10,PickedPlayers!D:Q,10,FALSE) -> 0 | P10: =VLOOKUP($C10,Fixtures!A:I,6,FALSE) -> out | R10: =VLOOKUP($B10,PickedPlayers!D:Q,11,FALSE) -> 0 | S10: =VLOOKUP($C10,Fixtures!A:I,7,FALSE) -> out | U10: =VLOOKUP($B10,PickedPlayers!D:Q,12,FALSE) -> 0 | V10: =VLOOKUP($C10,Fixtures!A:I,8,FALSE) -> out | X10: =VLOOKUP($B10,PickedPlayers!D:Q,13,FALSE) -> 0 | Y10: =VLOOKUP($C10,Fixtures!A:I,9,FALSE) -> out | AA10: =VLOOKUP($B10,PickedPlayers!D:Q,14,FALSE) -> 0
A11: MID | B11: R. Cherki | C11: France | D11: =VLOOKUP($C11,Fixtures!A:I,2,FALSE) -> SEN | E11: Picked | F11: =VLOOKUP($B11,PickedPlayers!D:Q,7,FALSE) -> 0 | G11: =VLOOKUP($C11,Fixtures!A:I,3,FALSE) -> IRQ | H11: Sub 2 | I11: =VLOOKUP($B11,PickedPlayers!D:Q,8,FALSE) -> 0 | J11: =VLOOKUP($C11,Fixtures!A:I,4,FALSE) -> NOR | K11: Picked | L11: =VLOOKUP($B11,PickedPlayers!D:Q,9,FALSE) -> 0 | M11: =VLOOKUP($C11,Fixtures!A:I,5,FALSE) -> SWE | N11: Sub 3 | O11: =VLOOKUP($B11,PickedPlayers!D:Q,10,FALSE) -> 0 | P11: =VLOOKUP($C11,Fixtures!A:I,6,FALSE) -> PAR | Q11: Picked | R11: =VLOOKUP($B11,PickedPlayers!D:Q,11,FALSE) -> 0 | S11: =VLOOKUP($C11,Fixtures!A:I,7,FALSE) -> TBC | U11: =VLOOKUP($B11,PickedPlayers!D:Q,12,FALSE) -> 0 | V11: =VLOOKUP($C11,Fixtures!A:I,8,FALSE) -> TBC | X11: =VLOOKUP($B11,PickedPlayers!D:Q,13,FALSE) -> 0 | Y11: =VLOOKUP($C11,Fixtures!A:I,9,FALSE) -> TBC | AA11: =VLOOKUP($B11,PickedPlayers!D:Q,14,FALSE) -> 0
A12: MID | B12: A. Mac Allister | C12: Argentina | D12: =VLOOKUP($C12,Fixtures!A:I,2,FALSE) -> ALG | E12: Sub 2 | F12: =VLOOKUP($B12,PickedPlayers!D:Q,7,FALSE) -> 0 | G12: =VLOOKUP($C12,Fixtures!A:I,3,FALSE) -> AUT | H12: Picked | I12: =VLOOKUP($B12,PickedPlayers!D:Q,8,FALSE) -> 0 | J12: =VLOOKUP($C12,Fixtures!A:I,4,FALSE) -> JOR | K12: Picked | L12: =VLOOKUP($B12,PickedPlayers!D:Q,9,FALSE) -> 0 | M12: =VLOOKUP($C12,Fixtures!A:I,5,FALSE) -> CAP | N12: Picked | O12: =VLOOKUP($B12,PickedPlayers!D:Q,10,FALSE) -> 0 | P12: =VLOOKUP($C12,Fixtures!A:I,6,FALSE) -> TBC | Q12: Picked | R12: =VLOOKUP($B12,PickedPlayers!D:Q,11,FALSE) -> 0 | S12: =VLOOKUP($C12,Fixtures!A:I,7,FALSE) -> TBC | U12: =VLOOKUP($B12,PickedPlayers!D:Q,12,FALSE) -> 0 | V12: =VLOOKUP($C12,Fixtures!A:I,8,FALSE) -> TBC | X12: =VLOOKUP($B12,PickedPlayers!D:Q,13,FALSE) -> 0 | Y12: =VLOOKUP($C12,Fixtures!A:I,9,FALSE) -> TBC | AA12: =VLOOKUP($B12,PickedPlayers!D:Q,14,FALSE) -> 0
A13: MID | B13: Fabián Ruiz | C13: Spain | D13: =VLOOKUP($C13,Fixtures!A:I,2,FALSE) -> CAP | E13: Picked | F13: =VLOOKUP($B13,PickedPlayers!D:Q,7,FALSE) -> 0 | G13: =VLOOKUP($C13,Fixtures!A:I,3,FALSE) -> SAU | H13: Picked | I13: =VLOOKUP($B13,PickedPlayers!D:Q,8,FALSE) -> 0 | J13: =VLOOKUP($C13,Fixtures!A:I,4,FALSE) -> URU | K13: Sub 4 | L13: =VLOOKUP($B13,PickedPlayers!D:Q,9,FALSE) -> 0 | M13: CUT | P13: CUT | S13: CUT | V13: CUT | Y13: CUT
A14: MID | B14: R. de Paul | C14: Argentina | D14: =VLOOKUP($C14,Fixtures!A:I,2,FALSE) -> ALG | M14: =VLOOKUP($C14,Fixtures!A:I,5,FALSE) -> CAP | N14: Picked | O14: =VLOOKUP($B14,PickedPlayers!D:Q,10,FALSE) -> 0 | P14: =VLOOKUP($C14,Fixtures!A:I,6,FALSE) -> TBC | Q14: Picked | R14: =VLOOKUP($B14,PickedPlayers!D:Q,11,FALSE) -> 0 | S14: =VLOOKUP($C14,Fixtures!A:I,7,FALSE) -> TBC | U14: =VLOOKUP($B14,PickedPlayers!D:Q,12,FALSE) -> 0 | V14: =VLOOKUP($C14,Fixtures!A:I,8,FALSE) -> TBC | X14: =VLOOKUP($B14,PickedPlayers!D:Q,13,FALSE) -> 0 | Y14: =VLOOKUP($C14,Fixtures!A:I,9,FALSE) -> TBC | AA14: =VLOOKUP($B14,PickedPlayers!D:Q,14,FALSE) -> 0
A15: FWD | B15: Cristiano Ronaldo | C15: Portugal | D15: =VLOOKUP($C15,Fixtures!A:I,2,FALSE) -> CON | E15: Vice Captain | F15: =VLOOKUP($B15,PickedPlayers!D:Q,7,FALSE) -> 0 | G15: =VLOOKUP($C15,Fixtures!A:I,3,FALSE) -> UZB | H15: Captain | I15: =VLOOKUP($B15,PickedPlayers!D:Q,8,FALSE) -> 0 | J15: =VLOOKUP($C15,Fixtures!A:I,4,FALSE) -> COL | K15: Picked | L15: =VLOOKUP($B15,PickedPlayers!D:Q,9,FALSE) -> 0 | M15: =VLOOKUP($C15,Fixtures!A:I,5,FALSE) -> CRO | N15: Picked | O15: =VLOOKUP($B15,PickedPlayers!D:Q,10,FALSE) -> 0 | P15: =VLOOKUP($C15,Fixtures!A:I,6,FALSE) -> SPA | Q15: Picked | R15: =VLOOKUP($B15,PickedPlayers!D:Q,11,FALSE) -> 0 | S15: =VLOOKUP($C15,Fixtures!A:I,7,FALSE) -> TBC | U15: =VLOOKUP($B15,PickedPlayers!D:Q,12,FALSE) -> 0 | V15: =VLOOKUP($C15,Fixtures!A:I,8,FALSE) -> TBC | X15: =VLOOKUP($B15,PickedPlayers!D:Q,13,FALSE) -> 0 | Y15: =VLOOKUP($C15,Fixtures!A:I,9,FALSE) -> TBC | AA15: =VLOOKUP($B15,PickedPlayers!D:Q,14,FALSE) -> 0
A16: FWD | B16: K. Havertz | C16: Germany | D16: =VLOOKUP($C16,Fixtures!A:I,2,FALSE) -> CUR | E16: Captain | F16: =VLOOKUP($B16,PickedPlayers!D:Q,7,FALSE) -> 0 | G16: =VLOOKUP($C16,Fixtures!A:I,3,FALSE) -> IVO | H16: Vice Captain | I16: =VLOOKUP($B16,PickedPlayers!D:Q,8,FALSE) -> 0 | J16: =VLOOKUP($C16,Fixtures!A:I,4,FALSE) -> ECU | K16: Sub 1 | L16: =VLOOKUP($B16,PickedPlayers!D:Q,9,FALSE) -> 0 | M16: =VLOOKUP($C16,Fixtures!A:I,5,FALSE) -> PAR | N16: Captain | O16: =VLOOKUP($B16,PickedPlayers!D:Q,10,FALSE) -> 0 | P16: =VLOOKUP($C16,Fixtures!A:I,6,FALSE) -> out | R16: =VLOOKUP($B16,PickedPlayers!D:Q,11,FALSE) -> 0 | S16: =VLOOKUP($C16,Fixtures!A:I,7,FALSE) -> out | U16: =VLOOKUP($B16,PickedPlayers!D:Q,12,FALSE) -> 0 | V16: =VLOOKUP($C16,Fixtures!A:I,8,FALSE) -> out | X16: =VLOOKUP($B16,PickedPlayers!D:Q,13,FALSE) -> 0 | Y16: =VLOOKUP($C16,Fixtures!A:I,9,FALSE) -> out | AA16: =VLOOKUP($B16,PickedPlayers!D:Q,14,FALSE) -> 0
A17: FWD | B17: C. Gakpo | C17: Netherlands | D17: =VLOOKUP($C17,Fixtures!A:I,2,FALSE) -> JAP | E17: Picked | F17: =VLOOKUP($B17,PickedPlayers!D:Q,7,FALSE) -> 0 | G17: =VLOOKUP($C17,Fixtures!A:I,3,FALSE) -> SWE | H17: Picked | I17: =VLOOKUP($B17,PickedPlayers!D:Q,8,FALSE) -> 0 | J17: =VLOOKUP($C17,Fixtures!A:I,4,FALSE) -> TUN | K17: Captain | L17: =VLOOKUP($B17,PickedPlayers!D:Q,9,FALSE) -> 0 | M17: =VLOOKUP($C17,Fixtures!A:I,5,FALSE) -> MOR | N17: Sub 1 | O17: =VLOOKUP($B17,PickedPlayers!D:Q,10,FALSE) -> 0 | P17: =VLOOKUP($C17,Fixtures!A:I,6,FALSE) -> out | R17: =VLOOKUP($B17,PickedPlayers!D:Q,11,FALSE) -> 0 | S17: =VLOOKUP($C17,Fixtures!A:I,7,FALSE) -> out | U17: =VLOOKUP($B17,PickedPlayers!D:Q,12,FALSE) -> 0 | V17: =VLOOKUP($C17,Fixtures!A:I,8,FALSE) -> out | X17: =VLOOKUP($B17,PickedPlayers!D:Q,13,FALSE) -> 0 | Y17: =VLOOKUP($C17,Fixtures!A:I,9,FALSE) -> out | AA17: =VLOOKUP($B17,PickedPlayers!D:Q,14,FALSE) -> 0
A18: FWD | B18: M. Rogers | C18: England | D18: =VLOOKUP($C18,Fixtures!A:I,2,FALSE) -> CRO | E18: Sub 1 | F18: =VLOOKUP($B18,PickedPlayers!D:Q,7,FALSE) -> 0 | G18: =VLOOKUP($C18,Fixtures!A:I,3,FALSE) -> GHA | H18: Sub 4 | I18: =VLOOKUP($B18,PickedPlayers!D:Q,8,FALSE) -> 0 | J18: =VLOOKUP($C18,Fixtures!A:I,4,FALSE) -> PAN | K18: Sub 3 | L18: =VLOOKUP($B18,PickedPlayers!D:Q,9,FALSE) -> 0 | M18: =VLOOKUP($C18,Fixtures!A:I,5,FALSE) -> CON | N18: Sub 4 | O18: =VLOOKUP($B18,PickedPlayers!D:Q,10,FALSE) -> 0 | P18: =VLOOKUP($C18,Fixtures!A:I,6,FALSE) -> MEX | Q18: Picked | R18: =VLOOKUP($B18,PickedPlayers!D:Q,11,FALSE) -> 0 | S18: =VLOOKUP($C18,Fixtures!A:I,7,FALSE) -> TBC | U18: =VLOOKUP($B18,PickedPlayers!D:Q,12,FALSE) -> 0 | V18: =VLOOKUP($C18,Fixtures!A:I,8,FALSE) -> TBC | X18: =VLOOKUP($B18,PickedPlayers!D:Q,13,FALSE) -> 0 | Y18: =VLOOKUP($C18,Fixtures!A:I,9,FALSE) -> TBC | AA18: =VLOOKUP($B18,PickedPlayers!D:Q,14,FALSE) -> 0
A19: FWD | B19: R. Lukaku | C19: Belgium | D19: =VLOOKUP($C19,Fixtures!A:I,2,FALSE) -> EGY | E19: Sub 4 | F19: =VLOOKUP($B19,PickedPlayers!D:Q,7,FALSE) -> 0 | G19: =VLOOKUP($C19,Fixtures!A:I,3,FALSE) -> IRA | H19: Subbed Off | I19: =VLOOKUP($B19,PickedPlayers!D:Q,8,FALSE) -> 0 | J19: =VLOOKUP($C19,Fixtures!A:I,4,FALSE) -> NZL | K19: Picked | L19: =VLOOKUP($B19,PickedPlayers!D:Q,9,FALSE) -> 0 | M19: =VLOOKUP($C19,Fixtures!A:I,5,FALSE) -> SEN | N19: Picked | O19: =VLOOKUP($B19,PickedPlayers!D:Q,10,FALSE) -> 0 | P19: =VLOOKUP($C19,Fixtures!A:I,6,FALSE) -> USA | Q19: Picked | R19: =VLOOKUP($B19,PickedPlayers!D:Q,11,FALSE) -> 0 | S19: =VLOOKUP($C19,Fixtures!A:I,7,FALSE) -> TBC | U19: =VLOOKUP($B19,PickedPlayers!D:Q,12,FALSE) -> 0 | V19: =VLOOKUP($C19,Fixtures!A:I,8,FALSE) -> TBC | X19: =VLOOKUP($B19,PickedPlayers!D:Q,13,FALSE) -> 0 | Y19: =VLOOKUP($C19,Fixtures!A:I,9,FALSE) -> TBC | AA19: =VLOOKUP($B19,PickedPlayers!D:Q,14,FALSE) -> 0

Sheet Predictor
A1: id | B1: description | C1: date | D1: time | E1: Home_Team | F1: Away_Team | G1: Round | H1: Score | I1: Barlow | J1: Taylor | K1: Ian | L1: Will T | M1: Joe | N1: Dan | O1: Andy | P1: Will S | Z1: SBR | AA1: ATR | AB1: IUR | AC1: WTR | AD1: JSR | AE1: DWR | AF1: AMR | AG1: WSR
A2: 4tcpns1nwyc0jtpucgzj9dp90 | B2: Mexico vs South Africa | C2: 46184 | D2: 0.83333333 | E2: Mexico | F2: South Africa | G2: G1 | H2: 2-0 | I2: 2-1 | J2: 3-1 | K2: 2-0 | L2: 3-1 | M2: 2-0 | N2: 2-0 | O2: 2-0 | P2: 1-0 | Q2: =IF(LEFT(H2,1)-RIGHT(H2,1)=0,"D",IF(LEFT(H2,1)-RIGHT(H2,1)>0,"H","A")) -> H | R2: =IF(LEFT(I2,1)-RIGHT(I2,1)=0,"D",IF(LEFT(I2,1)-RIGHT(I2,1)>0,"H","A")) -> H | S2: =IF(LEFT(J2,1)-RIGHT(J2,1)=0,"D",IF(LEFT(J2,1)-RIGHT(J2,1)>0,"H","A")) -> H | T2: =IF(LEFT(K2,1)-RIGHT(K2,1)=0,"D",IF(LEFT(K2,1)-RIGHT(K2,1)>0,"H","A")) -> H | U2: =IF(LEFT(L2,1)-RIGHT(L2,1)=0,"D",IF(LEFT(L2,1)-RIGHT(L2,1)>0,"H","A")) -> H | V2: =IF(LEFT(M2,1)-RIGHT(M2,1)=0,"D",IF(LEFT(M2,1)-RIGHT(M2,1)>0,"H","A")) -> H | W2: =IF(LEFT(N2,1)-RIGHT(N2,1)=0,"D",IF(LEFT(N2,1)-RIGHT(N2,1)>0,"H","A")) -> H | X2: =IF(LEFT(O2,1)-RIGHT(O2,1)=0,"D",IF(LEFT(O2,1)-RIGHT(O2,1)>0,"H","A")) -> H | Y2: =IF(LEFT(P2,1)-RIGHT(P2,1)=0,"D",IF(LEFT(P2,1)-RIGHT(P2,1)>0,"H","A")) -> H | Z2: =IF(I2="","",IF(I2=$H2,"W",IF(R2=$Q2,"D","L"))) -> D | AA2: =IF(J2="","",IF(J2=$H2,"W",IF(S2=$Q2,"D","L"))) -> D | AB2: =IF(K2="","",IF(K2=$H2,"W",IF(T2=$Q2,"D","L"))) -> W | AC2: =IF(L2="","",IF(L2=$H2,"W",IF(U2=$Q2,"D","L"))) -> D | AD2: =IF(M2="","",IF(M2=$H2,"W",IF(V2=$Q2,"D","L"))) -> W | AE2: =IF(N2="","",IF(N2=$H2,"W",IF(W2=$Q2,"D","L"))) -> W | AF2: =IF(O2="","",IF(O2=$H2,"W",IF(X2=$Q2,"D","L"))) -> W | AG2: =IF(P2="","",IF(P2=$H2,"W",IF(Y2=$Q2,"D","L"))) -> D
A3: 9hjlhmip7tn4qgpwr47txpafo | B3: South Korea vs Czechia | C3: 46185 | D3: 0.125 | E3: South Korea | F3: Czechia | G3: G1 | H3: 2-1 | I3: 2-1 | J3: 2-0 | K3: 1-0 | L3: 1-0 | M3: 1-1 | N3: 1-1 | O3: 1-1 | P3: 1-1 | Q3: =IF(LEFT(H3,1)-RIGHT(H3,1)=0,"D",IF(LEFT(H3,1)-RIGHT(H3,1)>0,"H","A")) -> H | R3: =IF(LEFT(I3,1)-RIGHT(I3,1)=0,"D",IF(LEFT(I3,1)-RIGHT(I3,1)>0,"H","A")) -> H | S3: =IF(LEFT(J3,1)-RIGHT(J3,1)=0,"D",IF(LEFT(J3,1)-RIGHT(J3,1)>0,"H","A")) -> H | T3: =IF(LEFT(K3,1)-RIGHT(K3,1)=0,"D",IF(LEFT(K3,1)-RIGHT(K3,1)>0,"H","A")) -> H | U3: =IF(LEFT(L3,1)-RIGHT(L3,1)=0,"D",IF(LEFT(L3,1)-RIGHT(L3,1)>0,"H","A")) -> H | V3: =IF(LEFT(M3,1)-RIGHT(M3,1)=0,"D",IF(LEFT(M3,1)-RIGHT(M3,1)>0,"H","A")) -> D | W3: =IF(LEFT(N3,1)-RIGHT(N3,1)=0,"D",IF(LEFT(N3,1)-RIGHT(N3,1)>0,"H","A")) -> D | X3: =IF(LEFT(O3,1)-RIGHT(O3,1)=0,"D",IF(LEFT(O3,1)-RIGHT(O3,1)>0,"H","A")) -> D | Y3: =IF(LEFT(P3,1)-RIGHT(P3,1)=0,"D",IF(LEFT(P3,1)-RIGHT(P3,1)>0,"H","A")) -> D | Z3: =IF(I3="","",IF(I3=$H3,"W",IF(R3=$Q3,"D","L"))) -> W | AA3: =IF(J3="","",IF(J3=$H3,"W",IF(S3=$Q3,"D","L"))) -> D | AB3: =IF(K3="","",IF(K3=$H3,"W",IF(T3=$Q3,"D","L"))) -> D | AC3: =IF(L3="","",IF(L3=$H3,"W",IF(U3=$Q3,"D","L"))) -> D | AD3: =IF(M3="","",IF(M3=$H3,"W",IF(V3=$Q3,"D","L"))) -> L | AE3: =IF(N3="","",IF(N3=$H3,"W",IF(W3=$Q3,"D","L"))) -> L | AF3: =IF(O3="","",IF(O3=$H3,"W",IF(X3=$Q3,"D","L"))) -> L | AG3: =IF(P3="","",IF(P3=$H3,"W",IF(Y3=$Q3,"D","L"))) -> L
A4: y1ow9ht5baxn64i01hq9moes | B4: Canada vs Bosnia & Herzegovina | C4: 46185 | D4: 0.83333333 | E4: Canada | F4: Bosnia & Herzegovina | G4: G1 | H4: 1-1 | I4: 1-1 | J4: 0-1 | K4: 2-1 | L4: 2-1 | M4: 1-0 | N4: 2-1 | O4: 2-1 | P4: 1-0 | Q4: =IF(LEFT(H4,1)-RIGHT(H4,1)=0,"D",IF(LEFT(H4,1)-RIGHT(H4,1)>0,"H","A")) -> D | R4: =IF(LEFT(I4,1)-RIGHT(I4,1)=0,"D",IF(LEFT(I4,1)-RIGHT(I4,1)>0,"H","A")) -> D | S4: =IF(LEFT(J4,1)-RIGHT(J4,1)=0,"D",IF(LEFT(J4,1)-RIGHT(J4,1)>0,"H","A")) -> A | T4: =IF(LEFT(K4,1)-RIGHT(K4,1)=0,"D",IF(LEFT(K4,1)-RIGHT(K4,1)>0,"H","A")) -> H | U4: =IF(LEFT(L4,1)-RIGHT(L4,1)=0,"D",IF(LEFT(L4,1)-RIGHT(L4,1)>0,"H","A")) -> H | V4: =IF(LEFT(M4,1)-RIGHT(M4,1)=0,"D",IF(LEFT(M4,1)-RIGHT(M4,1)>0,"H","A")) -> H | W4: =IF(LEFT(N4,1)-RIGHT(N4,1)=0,"D",IF(LEFT(N4,1)-RIGHT(N4,1)>0,"H","A")) -> H | X4: =IF(LEFT(O4,1)-RIGHT(O4,1)=0,"D",IF(LEFT(O4,1)-RIGHT(O4,1)>0,"H","A")) -> H | Y4: =IF(LEFT(P4,1)-RIGHT(P4,1)=0,"D",IF(LEFT(P4,1)-RIGHT(P4,1)>0,"H","A")) -> H | Z4: =IF(I4="","",IF(I4=$H4,"W",IF(R4=$Q4,"D","L"))) -> W | AA4: =IF(J4="","",IF(J4=$H4,"W",IF(S4=$Q4,"D","L"))) -> L | AB4: =IF(K4="","",IF(K4=$H4,"W",IF(T4=$Q4,"D","L"))) -> L | AC4: =IF(L4="","",IF(L4=$H4,"W",IF(U4=$Q4,"D","L"))) -> L | AD4: =IF(M4="","",IF(M4=$H4,"W",IF(V4=$Q4,"D","L"))) -> L | AE4: =IF(N4="","",IF(N4=$H4,"W",IF(W4=$Q4,"D","L"))) -> L | AF4: =IF(O4="","",IF(O4=$H4,"W",IF(X4=$Q4,"D","L"))) -> L | AG4: =IF(P4="","",IF(P4=$H4,"W",IF(Y4=$Q4,"D","L"))) -> L
A5: 49wa9ymnt0trv2mjruak556ok | B5: USA vs Paraguay | C5: 46186 | D5: 0.083333333 | E5: USA | F5: Paraguay | G5: G1 | H5: 4-1 | I5: 2-1 | J5: 4-2 | K5: 2-1 | L5: 2-0 | M5: 1-1 | N5: 2-1 | O5: 2-1 | P5: 1-0 | Q5: =IF(LEFT(H5,1)-RIGHT(H5,1)=0,"D",IF(LEFT(H5,1)-RIGHT(H5,1)>0,"H","A")) -> H | R5: =IF(LEFT(I5,1)-RIGHT(I5,1)=0,"D",IF(LEFT(I5,1)-RIGHT(I5,1)>0,"H","A")) -> H | S5: =IF(LEFT(J5,1)-RIGHT(J5,1)=0,"D",IF(LEFT(J5,1)-RIGHT(J5,1)>0,"H","A")) -> H | T5: =IF(LEFT(K5,1)-RIGHT(K5,1)=0,"D",IF(LEFT(K5,1)-RIGHT(K5,1)>0,"H","A")) -> H | U5: =IF(LEFT(L5,1)-RIGHT(L5,1)=0,"D",IF(LEFT(L5,1)-RIGHT(L5,1)>0,"H","A")) -> H | V5: =IF(LEFT(M5,1)-RIGHT(M5,1)=0,"D",IF(LEFT(M5,1)-RIGHT(M5,1)>0,"H","A")) -> D | W5: =IF(LEFT(N5,1)-RIGHT(N5,1)=0,"D",IF(LEFT(N5,1)-RIGHT(N5,1)>0,"H","A")) -> H | X5: =IF(LEFT(O5,1)-RIGHT(O5,1)=0,"D",IF(LEFT(O5,1)-RIGHT(O5,1)>0,"H","A")) -> H | Y5: =IF(LEFT(P5,1)-RIGHT(P5,1)=0,"D",IF(LEFT(P5,1)-RIGHT(P5,1)>0,"H","A")) -> H | Z5: =IF(I5="","",IF(I5=$H5,"W",IF(R5=$Q5,"D","L"))) -> D | AA5: =IF(J5="","",IF(J5=$H5,"W",IF(S5=$Q5,"D","L"))) -> D | AB5: =IF(K5="","",IF(K5=$H5,"W",IF(T5=$Q5,"D","L"))) -> D | AC5: =IF(L5="","",IF(L5=$H5,"W",IF(U5=$Q5,"D","L"))) -> D | AD5: =IF(M5="","",IF(M5=$H5,"W",IF(V5=$Q5,"D","L"))) -> L | AE5: =IF(N5="","",IF(N5=$H5,"W",IF(W5=$Q5,"D","L"))) -> D | AF5: =IF(O5="","",IF(O5=$H5,"W",IF(X5=$Q5,"D","L"))) -> D | AG5: =IF(P5="","",IF(P5=$H5,"W",IF(Y5=$Q5,"D","L"))) -> D
A6: 2lzhf44ic9g2dj0l29fji2xw4 | B6: Qatar vs Switzerland | C6: 46186 | D6: 0.83333333 | E6: Qatar | F6: Switzerland | G6: G1 | H6: 1-1 | I6: 0-2 | J6: 0-3 | K6: 0-3 | L6: 1-3 | M6: 1-2 | N6: 0-2 | O6: 0-2 | P6: 0-2 | Q6: =IF(LEFT(H6,1)-RIGHT(H6,1)=0,"D",IF(LEFT(H6,1)-RIGHT(H6,1)>0,"H","A")) -> D | R6: =IF(LEFT(I6,1)-RIGHT(I6,1)=0,"D",IF(LEFT(I6,1)-RIGHT(I6,1)>0,"H","A")) -> A | S6: =IF(LEFT(J6,1)-RIGHT(J6,1)=0,"D",IF(LEFT(J6,1)-RIGHT(J6,1)>0,"H","A")) -> A | T6: =IF(LEFT(K6,1)-RIGHT(K6,1)=0,"D",IF(LEFT(K6,1)-RIGHT(K6,1)>0,"H","A")) -> A | U6: =IF(LEFT(L6,1)-RIGHT(L6,1)=0,"D",IF(LEFT(L6,1)-RIGHT(L6,1)>0,"H","A")) -> A | V6: =IF(LEFT(M6,1)-RIGHT(M6,1)=0,"D",IF(LEFT(M6,1)-RIGHT(M6,1)>0,"H","A")) -> A | W6: =IF(LEFT(N6,1)-RIGHT(N6,1)=0,"D",IF(LEFT(N6,1)-RIGHT(N6,1)>0,"H","A")) -> A | X6: =IF(LEFT(O6,1)-RIGHT(O6,1)=0,"D",IF(LEFT(O6,1)-RIGHT(O6,1)>0,"H","A")) -> A | Y6: =IF(LEFT(P6,1)-RIGHT(P6,1)=0,"D",IF(LEFT(P6,1)-RIGHT(P6,1)>0,"H","A")) -> A | Z6: =IF(I6="","",IF(I6=$H6,"W",IF(R6=$Q6,"D","L"))) -> L | AA6: =IF(J6="","",IF(J6=$H6,"W",IF(S6=$Q6,"D","L"))) -> L | AB6: =IF(K6="","",IF(K6=$H6,"W",IF(T6=$Q6,"D","L"))) -> L | AC6: =IF(L6="","",IF(L6=$H6,"W",IF(U6=$Q6,"D","L"))) -> L | AD6: =IF(M6="","",IF(M6=$H6,"W",IF(V6=$Q6,"D","L"))) -> L | AE6: =IF(N6="","",IF(N6=$H6,"W",IF(W6=$Q6,"D","L"))) -> L | AF6: =IF(O6="","",IF(O6=$H6,"W",IF(X6=$Q6,"D","L"))) -> L | AG6: =IF(P6="","",IF(P6=$H6,"W",IF(Y6=$Q6,"D","L"))) -> L
A7: ar8b186wqraa80u0vpi2e4nis | B7: Brazil vs Morocco | C7: 46186 | D7: 0.95833333 | E7: Brazil | F7: Morocco | G7: G1 | H7: 1-1 | I7: 2-0 | J7: 4-1 | K7: 2-1 | L7: 3-1 | M7: 1-0 | N7: 2-1 | O7: 2-0 | P7: 1-0 | Q7: =IF(LEFT(H7,1)-RIGHT(H7,1)=0,"D",IF(LEFT(H7,1)-RIGHT(H7,1)>0,"H","A")) -> D | R7: =IF(LEFT(I7,1)-RIGHT(I7,1)=0,"D",IF(LEFT(I7,1)-RIGHT(I7,1)>0,"H","A")) -> H | S7: =IF(LEFT(J7,1)-RIGHT(J7,1)=0,"D",IF(LEFT(J7,1)-RIGHT(J7,1)>0,"H","A")) -> H | T7: =IF(LEFT(K7,1)-RIGHT(K7,1)=0,"D",IF(LEFT(K7,1)-RIGHT(K7,1)>0,"H","A")) -> H | U7: =IF(LEFT(L7,1)-RIGHT(L7,1)=0,"D",IF(LEFT(L7,1)-RIGHT(L7,1)>0,"H","A")) -> H | V7: =IF(LEFT(M7,1)-RIGHT(M7,1)=0,"D",IF(LEFT(M7,1)-RIGHT(M7,1)>0,"H","A")) -> H | W7: =IF(LEFT(N7,1)-RIGHT(N7,1)=0,"D",IF(LEFT(N7,1)-RIGHT(N7,1)>0,"H","A")) -> H | X7: =IF(LEFT(O7,1)-RIGHT(O7,1)=0,"D",IF(LEFT(O7,1)-RIGHT(O7,1)>0,"H","A")) -> H | Y7: =IF(LEFT(P7,1)-RIGHT(P7,1)=0,"D",IF(LEFT(P7,1)-RIGHT(P7,1)>0,"H","A")) -> H | Z7: =IF(I7="","",IF(I7=$H7,"W",IF(R7=$Q7,"D","L"))) -> L | AA7: =IF(J7="","",IF(J7=$H7,"W",IF(S7=$Q7,"D","L"))) -> L | AB7: =IF(K7="","",IF(K7=$H7,"W",IF(T7=$Q7,"D","L"))) -> L | AC7: =IF(L7="","",IF(L7=$H7,"W",IF(U7=$Q7,"D","L"))) -> L | AD7: =IF(M7="","",IF(M7=$H7,"W",IF(V7=$Q7,"D","L"))) -> L | AE7: =IF(N7="","",IF(N7=$H7,"W",IF(W7=$Q7,"D","L"))) -> L | AF7: =IF(O7="","",IF(O7=$H7,"W",IF(X7=$Q7,"D","L"))) -> L | AG7: =IF(P7="","",IF(P7=$H7,"W",IF(Y7=$Q7,"D","L"))) -> L
A8: cydmo9vjfyvaefav6t1531xck | B8: Haiti vs Scotland | C8: 46187 | D8: 0.083333333 | E8: Haiti | F8: Scotland | G8: G1 | H8: 0-1 | I8: 1-2 | J8: 0-5 | K8: 0-3 | L8: 0-3 | M8: 0-2 | N8: 0-2 | O8: 0-2 | P8: 0-1 | Q8: =IF(LEFT(H8,1)-RIGHT(H8,1)=0,"D",IF(LEFT(H8,1)-RIGHT(H8,1)>0,"H","A")) -> A | R8: =IF(LEFT(I8,1)-RIGHT(I8,1)=0,"D",IF(LEFT(I8,1)-RIGHT(I8,1)>0,"H","A")) -> A | S8: =IF(LEFT(J8,1)-RIGHT(J8,1)=0,"D",IF(LEFT(J8,1)-RIGHT(J8,1)>0,"H","A")) -> A | T8: =IF(LEFT(K8,1)-RIGHT(K8,1)=0,"D",IF(LEFT(K8,1)-RIGHT(K8,1)>0,"H","A")) -> A | U8: =IF(LEFT(L8,1)-RIGHT(L8,1)=0,"D",IF(LEFT(L8,1)-RIGHT(L8,1)>0,"H","A")) -> A | V8: =IF(LEFT(M8,1)-RIGHT(M8,1)=0,"D",IF(LEFT(M8,1)-RIGHT(M8,1)>0,"H","A")) -> A | W8: =IF(LEFT(N8,1)-RIGHT(N8,1)=0,"D",IF(LEFT(N8,1)-RIGHT(N8,1)>0,"H","A")) -> A | X8: =IF(LEFT(O8,1)-RIGHT(O8,1)=0,"D",IF(LEFT(O8,1)-RIGHT(O8,1)>0,"H","A")) -> A | Y8: =IF(LEFT(P8,1)-RIGHT(P8,1)=0,"D",IF(LEFT(P8,1)-RIGHT(P8,1)>0,"H","A")) -> A | Z8: =IF(I8="","",IF(I8=$H8,"W",IF(R8=$Q8,"D","L"))) -> D | AA8: =IF(J8="","",IF(J8=$H8,"W",IF(S8=$Q8,"D","L"))) -> D | AB8: =IF(K8="","",IF(K8=$H8,"W",IF(T8=$Q8,"D","L"))) -> D | AC8: =IF(L8="","",IF(L8=$H8,"W",IF(U8=$Q8,"D","L"))) -> D | AD8: =IF(M8="","",IF(M8=$H8,"W",IF(V8=$Q8,"D","L"))) -> D | AE8: =IF(N8="","",IF(N8=$H8,"W",IF(W8=$Q8,"D","L"))) -> D | AF8: =IF(O8="","",IF(O8=$H8,"W",IF(X8=$Q8,"D","L"))) -> D | AG8: =IF(P8="","",IF(P8=$H8,"W",IF(Y8=$Q8,"D","L"))) -> W
A9: 5d1c5lu90p9hhk82c0kcp05qs | B9: Australia vs Turkey | C9: 46187 | D9: 0.20833333 | E9: Australia | F9: Turkey | G9: G1 | H9: 2-0 | I9: 1-2 | J9: 0-2 | K9: 1-1 | L9: 2-2 | M9: 0-1 | N9: 1-2 | O9: 1-2 | P9: 0-1 | Q9: =IF(LEFT(H9,1)-RIGHT(H9,1)=0,"D",IF(LEFT(H9,1)-RIGHT(H9,1)>0,"H","A")) -> H | R9: =IF(LEFT(I9,1)-RIGHT(I9,1)=0,"D",IF(LEFT(I9,1)-RIGHT(I9,1)>0,"H","A")) -> A | S9: =IF(LEFT(J9,1)-RIGHT(J9,1)=0,"D",IF(LEFT(J9,1)-RIGHT(J9,1)>0,"H","A")) -> A | T9: =IF(LEFT(K9,1)-RIGHT(K9,1)=0,"D",IF(LEFT(K9,1)-RIGHT(K9,1)>0,"H","A")) -> D | U9: =IF(LEFT(L9,1)-RIGHT(L9,1)=0,"D",IF(LEFT(L9,1)-RIGHT(L9,1)>0,"H","A")) -> D | V9: =IF(LEFT(M9,1)-RIGHT(M9,1)=0,"D",IF(LEFT(M9,1)-RIGHT(M9,1)>0,"H","A")) -> A | W9: =IF(LEFT(N9,1)-RIGHT(N9,1)=0,"D",IF(LEFT(N9,1)-RIGHT(N9,1)>0,"H","A")) -> A | X9: =IF(LEFT(O9,1)-RIGHT(O9,1)=0,"D",IF(LEFT(O9,1)-RIGHT(O9,1)>0,"H","A")) -> A | Y9: =IF(LEFT(P9,1)-RIGHT(P9,1)=0,"D",IF(LEFT(P9,1)-RIGHT(P9,1)>0,"H","A")) -> A | Z9: =IF(I9="","",IF(I9=$H9,"W",IF(R9=$Q9,"D","L"))) -> L | AA9: =IF(J9="","",IF(J9=$H9,"W",IF(S9=$Q9,"D","L"))) -> L | AB9: =IF(K9="","",IF(K9=$H9,"W",IF(T9=$Q9,"D","L"))) -> L | AC9: =IF(L9="","",IF(L9=$H9,"W",IF(U9=$Q9,"D","L"))) -> L | AD9: =IF(M9="","",IF(M9=$H9,"W",IF(V9=$Q9,"D","L"))) -> L | AE9: =IF(N9="","",IF(N9=$H9,"W",IF(W9=$Q9,"D","L"))) -> L | AF9: =IF(O9="","",IF(O9=$H9,"W",IF(X9=$Q9,"D","L"))) -> L | AG9: =IF(P9="","",IF(P9=$H9,"W",IF(Y9=$Q9,"D","L"))) -> L
A10: cjc09ujyfc1ks4blsyl8hbfv8 | B10: Germany vs Curucao | C10: 46187 | D10: 0.75 | E10: Germany | F10: Curucao | G10: G1 | H10: 7-1 | I10: 3-0 | J10: 8-0 | K10: 5-0 | L10: 5-0 | M10: 6-0 | N10: 5-0 | O10: 4-0 | P10: 4-0 | Q10: =IF(LEFT(H10,1)-RIGHT(H10,1)=0,"D",IF(LEFT(H10,1)-RIGHT(H10,1)>0,"H","A")) -> H | R10: =IF(LEFT(I10,1)-RIGHT(I10,1)=0,"D",IF(LEFT(I10,1)-RIGHT(I10,1)>0,"H","A")) -> H | S10: =IF(LEFT(J10,1)-RIGHT(J10,1)=0,"D",IF(LEFT(J10,1)-RIGHT(J10,1)>0,"H","A")) -> H | T10: =IF(LEFT(K10,1)-RIGHT(K10,1)=0,"D",IF(LEFT(K10,1)-RIGHT(K10,1)>0,"H","A")) -> H | U10: =IF(LEFT(L10,1)-RIGHT(L10,1)=0,"D",IF(LEFT(L10,1)-RIGHT(L10,1)>0,"H","A")) -> H | V10: =IF(LEFT(M10,1)-RIGHT(M10,1)=0,"D",IF(LEFT(M10,1)-RIGHT(M10,1)>0,"H","A")) -> H | W10: =IF(LEFT(N10,1)-RIGHT(N10,1)=0,"D",IF(LEFT(N10,1)-RIGHT(N10,1)>0,"H","A")) -> H | X10: =IF(LEFT(O10,1)-RIGHT(O10,1)=0,"D",IF(LEFT(O10,1)-RIGHT(O10,1)>0,"H","A")) -> H | Y10: =IF(LEFT(P10,1)-RIGHT(P10,1)=0,"D",IF(LEFT(P10,1)-RIGHT(P10,1)>0,"H","A")) -> H | Z10: =IF(I10="","",IF(I10=$H10,"W",IF(R10=$Q10,"D","L"))) -> D | AA10: =IF(J10="","",IF(J10=$H10,"W",IF(S10=$Q10,"D","L"))) -> D | AB10: =IF(K10="","",IF(K10=$H10,"W",IF(T10=$Q10,"D","L"))) -> D | AC10: =IF(L10="","",IF(L10=$H10,"W",IF(U10=$Q10,"D","L"))) -> D | AD10: =IF(M10="","",IF(M10=$H10,"W",IF(V10=$Q10,"D","L"))) -> D | AE10: =IF(N10="","",IF(N10=$H10,"W",IF(W10=$Q10,"D","L"))) -> D | AF10: =IF(O10="","",IF(O10=$H10,"W",IF(X10=$Q10,"D","L"))) -> D | AG10: =IF(P10="","",IF(P10=$H10,"W",IF(Y10=$Q10,"D","L"))) -> D
A11: 424kyd0drjm51x8dsauowgpp0 | B11: Netherlands vs Japan | C11: 46187 | D11: 0.875 | E11: Netherlands | F11: Japan | G11: G1 | H11: 2-2 | I11: 2-1 | J11: 0-1 | K11: 1-1 | L11: 2-2 | M11: 2-2 | N11: 2-1 | O11: 1-0 | P11: 1-1 | Q11: =IF(LEFT(H11,1)-RIGHT(H11,1)=0,"D",IF(LEFT(H11,1)-RIGHT(H11,1)>0,"H","A")) -> D | R11: =IF(LEFT(I11,1)-RIGHT(I11,1)=0,"D",IF(LEFT(I11,1)-RIGHT(I11,1)>0,"H","A")) -> H | S11: =IF(LEFT(J11,1)-RIGHT(J11,1)=0,"D",IF(LEFT(J11,1)-RIGHT(J11,1)>0,"H","A")) -> A | T11: =IF(LEFT(K11,1)-RIGHT(K11,1)=0,"D",IF(LEFT(K11,1)-RIGHT(K11,1)>0,"H","A")) -> D | U11: =IF(LEFT(L11,1)-RIGHT(L11,1)=0,"D",IF(LEFT(L11,1)-RIGHT(L11,1)>0,"H","A")) -> D | V11: =IF(LEFT(M11,1)-RIGHT(M11,1)=0,"D",IF(LEFT(M11,1)-RIGHT(M11,1)>0,"H","A")) -> D | W11: =IF(LEFT(N11,1)-RIGHT(N11,1)=0,"D",IF(LEFT(N11,1)-RIGHT(N11,1)>0,"H","A")) -> H | X11: =IF(LEFT(O11,1)-RIGHT(O11,1)=0,"D",IF(LEFT(O11,1)-RIGHT(O11,1)>0,"H","A")) -> H | Y11: =IF(LEFT(P11,1)-RIGHT(P11,1)=0,"D",IF(LEFT(P11,1)-RIGHT(P11,1)>0,"H","A")) -> D | Z11: =IF(I11="","",IF(I11=$H11,"W",IF(R11=$Q11,"D","L"))) -> L | AA11: =IF(J11="","",IF(J11=$H11,"W",IF(S11=$Q11,"D","L"))) -> L | AB11: =IF(K11="","",IF(K11=$H11,"W",IF(T11=$Q11,"D","L"))) -> D | AC11: =IF(L11="","",IF(L11=$H11,"W",IF(U11=$Q11,"D","L"))) -> W | AD11: =IF(M11="","",IF(M11=$H11,"W",IF(V11=$Q11,"D","L"))) -> W | AE11: =IF(N11="","",IF(N11=$H11,"W",IF(W11=$Q11,"D","L"))) -> L | AF11: =IF(O11="","",IF(O11=$H11,"W",IF(X11=$Q11,"D","L"))) -> L | AG11: =IF(P11="","",IF(P11=$H11,"W",IF(Y11=$Q11,"D","L"))) -> D
A12: ddupm8zbfndp54r8uru3obf9w | B12: Ivory Coast vs Ecuador | C12: 46187 | D12: 0 | E12: Ivory Coast | F12: Ecuador | G12: G1 | H12: 1-0 | I12: 1-1 | J12: 1-3 | K12: 1-2 | L12: 2-1 | M12: 2-1 | N12: 1-2 | O12: 1-1 | P12: 0-0 | Q12: =IF(LEFT(H12,1)-RIGHT(H12,1)=0,"D",IF(LEFT(H12,1)-RIGHT(H12,1)>0,"H","A")) -> H | R12: =IF(LEFT(I12,1)-RIGHT(I12,1)=0,"D",IF(LEFT(I12,1)-RIGHT(I12,1)>0,"H","A")) -> D | S12: =IF(LEFT(J12,1)-RIGHT(J12,1)=0,"D",IF(LEFT(J12,1)-RIGHT(J12,1)>0,"H","A")) -> A | T12: =IF(LEFT(K12,1)-RIGHT(K12,1)=0,"D",IF(LEFT(K12,1)-RIGHT(K12,1)>0,"H","A")) -> A | U12: =IF(LEFT(L12,1)-RIGHT(L12,1)=0,"D",IF(LEFT(L12,1)-RIGHT(L12,1)>0,"H","A")) -> H | V12: =IF(LEFT(M12,1)-RIGHT(M12,1)=0,"D",IF(LEFT(M12,1)-RIGHT(M12,1)>0,"H","A")) -> H | W12: =IF(LEFT(N12,1)-RIGHT(N12,1)=0,"D",IF(LEFT(N12,1)-RIGHT(N12,1)>0,"H","A")) -> A | X12: =IF(LEFT(O12,1)-RIGHT(O12,1)=0,"D",IF(LEFT(O12,1)-RIGHT(O12,1)>0,"H","A")) -> D | Y12: =IF(LEFT(P12,1)-RIGHT(P12,1)=0,"D",IF(LEFT(P12,1)-RIGHT(P12,1)>0,"H","A")) -> D | Z12: =IF(I12="","",IF(I12=$H12,"W",IF(R12=$Q12,"D","L"))) -> L | AA12: =IF(J12="","",IF(J12=$H12,"W",IF(S12=$Q12,"D","L"))) -> L | AB12: =IF(K12="","",IF(K12=$H12,"W",IF(T12=$Q12,"D","L"))) -> L | AC12: =IF(L12="","",IF(L12=$H12,"W",IF(U12=$Q12,"D","L"))) -> D | AD12: =IF(M12="","",IF(M12=$H12,"W",IF(V12=$Q12,"D","L"))) -> D | AE12: =IF(N12="","",IF(N12=$H12,"W",IF(W12=$Q12,"D","L"))) -> L | AF12: =IF(O12="","",IF(O12=$H12,"W",IF(X12=$Q12,"D","L"))) -> L | AG12: =IF(P12="","",IF(P12=$H12,"W",IF(Y12=$Q12,"D","L"))) -> L
A13: 4v4v3ge0g7tm1w9uzpoehmzh0 | B13: Sweden vs Tunisia | C13: 46188 | D13: 0.125 | E13: Sweden | F13: Tunisia | G13: G1 | H13: 5-1 | I13: 2-0 | J13: 0-1 | K13: 2-1 | L13: 2-2 | M13: 0-0 | N13: 2-1 | O13: 2-1 | P13: 1-0 | Q13: =IF(LEFT(H13,1)-RIGHT(H13,1)=0,"D",IF(LEFT(H13,1)-RIGHT(H13,1)>0,"H","A")) -> H | R13: =IF(LEFT(I13,1)-RIGHT(I13,1)=0,"D",IF(LEFT(I13,1)-RIGHT(I13,1)>0,"H","A")) -> H | S13: =IF(LEFT(J13,1)-RIGHT(J13,1)=0,"D",IF(LEFT(J13,1)-RIGHT(J13,1)>0,"H","A")) -> A | T13: =IF(LEFT(K13,1)-RIGHT(K13,1)=0,"D",IF(LEFT(K13,1)-RIGHT(K13,1)>0,"H","A")) -> H | U13: =IF(LEFT(L13,1)-RIGHT(L13,1)=0,"D",IF(LEFT(L13,1)-RIGHT(L13,1)>0,"H","A")) -> D | V13: =IF(LEFT(M13,1)-RIGHT(M13,1)=0,"D",IF(LEFT(M13,1)-RIGHT(M13,1)>0,"H","A")) -> D | W13: =IF(LEFT(N13,1)-RIGHT(N13,1)=0,"D",IF(LEFT(N13,1)-RIGHT(N13,1)>0,"H","A")) -> H | X13: =IF(LEFT(O13,1)-RIGHT(O13,1)=0,"D",IF(LEFT(O13,1)-RIGHT(O13,1)>0,"H","A")) -> H | Y13: =IF(LEFT(P13,1)-RIGHT(P13,1)=0,"D",IF(LEFT(P13,1)-RIGHT(P13,1)>0,"H","A")) -> H | Z13: =IF(I13="","",IF(I13=$H13,"W",IF(R13=$Q13,"D","L"))) -> D | AA13: =IF(J13="","",IF(J13=$H13,"W",IF(S13=$Q13,"D","L"))) -> L | AB13: =IF(K13="","",IF(K13=$H13,"W",IF(T13=$Q13,"D","L"))) -> D | AC13: =IF(L13="","",IF(L13=$H13,"W",IF(U13=$Q13,"D","L"))) -> L | AD13: =IF(M13="","",IF(M13=$H13,"W",IF(V13=$Q13,"D","L"))) -> L | AE13: =IF(N13="","",IF(N13=$H13,"W",IF(W13=$Q13,"D","L"))) -> D | AF13: =IF(O13="","",IF(O13=$H13,"W",IF(X13=$Q13,"D","L"))) -> D | AG13: =IF(P13="","",IF(P13=$H13,"W",IF(Y13=$Q13,"D","L"))) -> D
... A32: e6dmlhi5t34w58liv12sp591w | B32: Brazil vs Haiti | C32: 46193 | D32: 0.0625 | E32: Brazil | F32: Haiti | G32: G2 | H32: 3-0 | I32: 4-0 | J32: 6-0 | K32: 5-0 | L32: 5-0 | M32: 6-0 | N32: 4-0 | O32: 3-0 | P32: 3-0 | Q32: =IF(LEFT(H32,1)-RIGHT(H32,1)=0,"D",IF(LEFT(H32,1)-RIGHT(H32,1)>0,"H","A")) -> H | R32: =IF(LEFT(I32,1)-RIGHT(I32,1)=0,"D",IF(LEFT(I32,1)-RIGHT(I32,1)>0,"H","A")) -> H | S32: =IF(LEFT(J32,1)-RIGHT(J32,1)=0,"D",IF(LEFT(J32,1)-RIGHT(J32,1)>0,"H","A")) -> H | T32: =IF(LEFT(K32,1)-RIGHT(K32,1)=0,"D",IF(LEFT(K32,1)-RIGHT(K32,1)>0,"H","A")) -> H | U32: =IF(LEFT(L32,1)-RIGHT(L32,1)=0,"D",IF(LEFT(L32,1)-RIGHT(L32,1)>0,"H","A")) -> H | V32: =IF(LEFT(M32,1)-RIGHT(M32,1)=0,"D",IF(LEFT(M32,1)-RIGHT(M32,1)>0,"H","A")) -> H | W32: =IF(LEFT(N32,1)-RIGHT(N32,1)=0,"D",IF(LEFT(N32,1)-RIGHT(N32,1)>0,"H","A")) -> H | X32: =IF(LEFT(O32,1)-RIGHT(O32,1)=0,"D",IF(LEFT(O32,1)-RIGHT(O32,1)>0,"H","A")) -> H | Y32: =IF(LEFT(P32,1)-RIGHT(P32,1)=0,"D",IF(LEFT(P32,1)-RIGHT(P32,1)>0,"H","A")) -> H | Z32: =IF(I32="","",IF(I32=$H32,"W",IF(R32=$Q32,"D","L"))) -> D | AA32: =IF(J32="","",IF(J32=$H32,"W",IF(S32=$Q32,"D","L"))) -> D | AB32: =IF(K32="","",IF(K32=$H32,"W",IF(T32=$Q32,"D","L"))) -> D | AC32: =IF(L32="","",IF(L32=$H32,"W",IF(U32=$Q32,"D","L"))) -> D | AD32: =IF(M32="","",IF(M32=$H32,"W",IF(V32=$Q32,"D","L"))) -> D | AE32: =IF(N32="","",IF(N32=$H32,"W",IF(W32=$Q32,"D","L"))) -> D | AF32: =IF(O32="","",IF(O32=$H32,"W",IF(X32=$Q32,"D","L"))) -> W | AG32: =IF(P32="","",IF(P32=$H32,"W",IF(Y32=$Q32,"D","L"))) -> W
A33: 7evssbq9air6phyr658hcanmc | B33: Turkey vs Paraguay | C33: 46193 | D33: 0.16666667 | E33: Turkey | F33: Paraguay | G33: G2 | H33: 0-1 | I33: 2-1 | J33: 2-1 | K33: 3-1 | L33: 2-1 | M33: 1-1 | N33: 2-1 | P33: 1-1 | Q33: =IF(LEFT(H33,1)-RIGHT(H33,1)=0,"D",IF(LEFT(H33,1)-RIGHT(H33,1)>0,"H","A")) -> A | R33: =IF(LEFT(I33,1)-RIGHT(I33,1)=0,"D",IF(LEFT(I33,1)-RIGHT(I33,1)>0,"H","A")) -> H | S33: =IF(LEFT(J33,1)-RIGHT(J33,1)=0,"D",IF(LEFT(J33,1)-RIGHT(J33,1)>0,"H","A")) -> H | T33: =IF(LEFT(K33,1)-RIGHT(K33,1)=0,"D",IF(LEFT(K33,1)-RIGHT(K33,1)>0,"H","A")) -> H | U33: =IF(LEFT(L33,1)-RIGHT(L33,1)=0,"D",IF(LEFT(L33,1)-RIGHT(L33,1)>0,"H","A")) -> H | V33: =IF(LEFT(M33,1)-RIGHT(M33,1)=0,"D",IF(LEFT(M33,1)-RIGHT(M33,1)>0,"H","A")) -> D | W33: =IF(LEFT(N33,1)-RIGHT(N33,1)=0,"D",IF(LEFT(N33,1)-RIGHT(N33,1)>0,"H","A")) -> H | X33: =IF(LEFT(O33,1)-RIGHT(O33,1)=0,"D",IF(LEFT(O33,1)-RIGHT(O33,1)>0,"H","A")) -> #VALUE! | Y33: =IF(LEFT(P33,1)-RIGHT(P33,1)=0,"D",IF(LEFT(P33,1)-RIGHT(P33,1)>0,"H","A")) -> D | Z33: =IF(I33="","",IF(I33=$H33,"W",IF(R33=$Q33,"D","L"))) -> L | AA33: =IF(J33="","",IF(J33=$H33,"W",IF(S33=$Q33,"D","L"))) -> L | AB33: =IF(K33="","",IF(K33=$H33,"W",IF(T33=$Q33,"D","L"))) -> L | AC33: =IF(L33="","",IF(L33=$H33,"W",IF(U33=$Q33,"D","L"))) -> L | AD33: =IF(M33="","",IF(M33=$H33,"W",IF(V33=$Q33,"D","L"))) -> L | AE33: =IF(N33="","",IF(N33=$H33,"W",IF(W33=$Q33,"D","L"))) -> L | AF33: =IF(O33="","",IF(O33=$H33,"W",IF(X33=$Q33,"D","L"))) | AG33: =IF(P33="","",IF(P33=$H33,"W",IF(Y33=$Q33,"D","L"))) -> L
A34: 5nh4gmpiskmsjcy904osi5n2s | B34: Netherlands vs Sweden | C34: 46193 | D34: 0.75 | E34: Netherlands | F34: Sweden | G34: G2 | H34: 5-1 | I34: 2-1 | J34: 1-2 | K34: 1-1 | L34: 2-2 | M34: 1-1 | N34: 1-1 | P34: 1-1 | Q34: =IF(LEFT(H34,1)-RIGHT(H34,1)=0,"D",IF(LEFT(H34,1)-RIGHT(H34,1)>0,"H","A")) -> H | R34: =IF(LEFT(I34,1)-RIGHT(I34,1)=0,"D",IF(LEFT(I34,1)-RIGHT(I34,1)>0,"H","A")) -> H | S34: =IF(LEFT(J34,1)-RIGHT(J34,1)=0,"D",IF(LEFT(J34,1)-RIGHT(J34,1)>0,"H","A")) -> A | T34: =IF(LEFT(K34,1)-RIGHT(K34,1)=0,"D",IF(LEFT(K34,1)-RIGHT(K34,1)>0,"H","A")) -> D | U34: =IF(LEFT(L34,1)-RIGHT(L34,1)=0,"D",IF(LEFT(L34,1)-RIGHT(L34,1)>0,"H","A")) -> D | V34: =IF(LEFT(M34,1)-RIGHT(M34,1)=0,"D",IF(LEFT(M34,1)-RIGHT(M34,1)>0,"H","A")) -> D | W34: =IF(LEFT(N34,1)-RIGHT(N34,1)=0,"D",IF(LEFT(N34,1)-RIGHT(N34,1)>0,"H","A")) -> D | X34: =IF(LEFT(O34,1)-RIGHT(O34,1)=0,"D",IF(LEFT(O34,1)-RIGHT(O34,1)>0,"H","A")) -> #VALUE! | Y34: =IF(LEFT(P34,1)-RIGHT(P34,1)=0,"D",IF(LEFT(P34,1)-RIGHT(P34,1)>0,"H","A")) -> D | Z34: =IF(I34="","",IF(I34=$H34,"W",IF(R34=$Q34,"D","L"))) -> D | AA34: =IF(J34="","",IF(J34=$H34,"W",IF(S34=$Q34,"D","L"))) -> L | AB34: =IF(K34="","",IF(K34=$H34,"W",IF(T34=$Q34,"D","L"))) -> L | AC34: =IF(L34="","",IF(L34=$H34,"W",IF(U34=$Q34,"D","L"))) -> L | AD34: =IF(M34="","",IF(M34=$H34,"W",IF(V34=$Q34,"D","L"))) -> L | AE34: =IF(N34="","",IF(N34=$H34,"W",IF(W34=$Q34,"D","L"))) -> L | AF34: =IF(O34="","",IF(O34=$H34,"W",IF(X34=$Q34,"D","L"))) | AG34: =IF(P34="","",IF(P34=$H34,"W",IF(Y34=$Q34,"D","L"))) -> L
A35: ecp6v27q48jj6um9odhcahjbo | B35: Germany vs Ivory Coast | C35: 46193 | D35: 0.875 | E35: Germany | F35: Ivory Coast | G35: G2 | H35: 2-1 | I35: 2-0 | J35: 5-1 | K35: 3-1 | L35: 3-1 | M35: 3-0 | N35: 2-1 | O35: 2-0 | P35: 1-0 | Q35: =IF(LEFT(H35,1)-RIGHT(H35,1)=0,"D",IF(LEFT(H35,1)-RIGHT(H35,1)>0,"H","A")) -> H | R35: =IF(LEFT(I35,1)-RIGHT(I35,1)=0,"D",IF(LEFT(I35,1)-RIGHT(I35,1)>0,"H","A")) -> H | S35: =IF(LEFT(J35,1)-RIGHT(J35,1)=0,"D",IF(LEFT(J35,1)-RIGHT(J35,1)>0,"H","A")) -> H | T35: =IF(LEFT(K35,1)-RIGHT(K35,1)=0,"D",IF(LEFT(K35,1)-RIGHT(K35,1)>0,"H","A")) -> H | U35: =IF(LEFT(L35,1)-RIGHT(L35,1)=0,"D",IF(LEFT(L35,1)-RIGHT(L35,1)>0,"H","A")) -> H | V35: =IF(LEFT(M35,1)-RIGHT(M35,1)=0,"D",IF(LEFT(M35,1)-RIGHT(M35,1)>0,"H","A")) -> H | W35: =IF(LEFT(N35,1)-RIGHT(N35,1)=0,"D",IF(LEFT(N35,1)-RIGHT(N35,1)>0,"H","A")) -> H | X35: =IF(LEFT(O35,1)-RIGHT(O35,1)=0,"D",IF(LEFT(O35,1)-RIGHT(O35,1)>0,"H","A")) -> H | Y35: =IF(LEFT(P35,1)-RIGHT(P35,1)=0,"D",IF(LEFT(P35,1)-RIGHT(P35,1)>0,"H","A")) -> H | Z35: =IF(I35="","",IF(I35=$H35,"W",IF(R35=$Q35,"D","L"))) -> D | AA35: =IF(J35="","",IF(J35=$H35,"W",IF(S35=$Q35,"D","L"))) -> D | AB35: =IF(K35="","",IF(K35=$H35,"W",IF(T35=$Q35,"D","L"))) -> D | AC35: =IF(L35="","",IF(L35=$H35,"W",IF(U35=$Q35,"D","L"))) -> D | AD35: =IF(M35="","",IF(M35=$H35,"W",IF(V35=$Q35,"D","L"))) -> D | AE35: =IF(N35="","",IF(N35=$H35,"W",IF(W35=$Q35,"D","L"))) -> W | AF35: =IF(O35="","",IF(O35=$H35,"W",IF(X35=$Q35,"D","L"))) -> D | AG35: =IF(P35="","",IF(P35=$H35,"W",IF(Y35=$Q35,"D","L"))) -> D
A36: 9erlmm2s3kapioujs9clvcic | B36: Ecuador vs Curucao | C36: 46194 | D36: 0.041666667 | E36: Ecuador | F36: Curucao | G36: G2 | H36: 0-0 | I36: 2-0 | J36: 3-0 | K36: 3-0 | L36: 4-1 | M36: 2-0 | N36: 3-0 | O36: 3-0 | P36: 2-0 | Q36: =IF(LEFT(H36,1)-RIGHT(H36,1)=0,"D",IF(LEFT(H36,1)-RIGHT(H36,1)>0,"H","A")) -> D | R36: =IF(LEFT(I36,1)-RIGHT(I36,1)=0,"D",IF(LEFT(I36,1)-RIGHT(I36,1)>0,"H","A")) -> H | S36: =IF(LEFT(J36,1)-RIGHT(J36,1)=0,"D",IF(LEFT(J36,1)-RIGHT(J36,1)>0,"H","A")) -> H | T36: =IF(LEFT(K36,1)-RIGHT(K36,1)=0,"D",IF(LEFT(K36,1)-RIGHT(K36,1)>0,"H","A")) -> H | U36: =IF(LEFT(L36,1)-RIGHT(L36,1)=0,"D",IF(LEFT(L36,1)-RIGHT(L36,1)>0,"H","A")) -> H | V36: =IF(LEFT(M36,1)-RIGHT(M36,1)=0,"D",IF(LEFT(M36,1)-RIGHT(M36,1)>0,"H","A")) -> H | W36: =IF(LEFT(N36,1)-RIGHT(N36,1)=0,"D",IF(LEFT(N36,1)-RIGHT(N36,1)>0,"H","A")) -> H | X36: =IF(LEFT(O36,1)-RIGHT(O36,1)=0,"D",IF(LEFT(O36,1)-RIGHT(O36,1)>0,"H","A")) -> H | Y36: =IF(LEFT(P36,1)-RIGHT(P36,1)=0,"D",IF(LEFT(P36,1)-RIGHT(P36,1)>0,"H","A")) -> H | Z36: =IF(I36="","",IF(I36=$H36,"W",IF(R36=$Q36,"D","L"))) -> L | AA36: =IF(J36="","",IF(J36=$H36,"W",IF(S36=$Q36,"D","L"))) -> L | AB36: =IF(K36="","",IF(K36=$H36,"W",IF(T36=$Q36,"D","L"))) -> L | AC36: =IF(L36="","",IF(L36=$H36,"W",IF(U36=$Q36,"D","L"))) -> L | AD36: =IF(M36="","",IF(M36=$H36,"W",IF(V36=$Q36,"D","L"))) -> L | AE36: =IF(N36="","",IF(N36=$H36,"W",IF(W36=$Q36,"D","L"))) -> L | AF36: =IF(O36="","",IF(O36=$H36,"W",IF(X36=$Q36,"D","L"))) -> L | AG36: =IF(P36="","",IF(P36=$H36,"W",IF(Y36=$Q36,"D","L"))) -> L
A37: 6c7t9tr9b24qfjwphblk6776c | B37: Tunisia vs Japan | C37: 46194 | D37: 0.20833333 | E37: Tunisia | F37: Japan | G37: G2 | H37: 0-4 | I37: 1-2 | J37: 0-2 | K37: 1-3 | L37: 1-2 | M37: 1-2 | N37: 1-2 | O37: 0-1 | P37: 0-1 | Q37: =IF(LEFT(H37,1)-RIGHT(H37,1)=0,"D",IF(LEFT(H37,1)-RIGHT(H37,1)>0,"H","A")) -> A | R37: =IF(LEFT(I37,1)-RIGHT(I37,1)=0,"D",IF(LEFT(I37,1)-RIGHT(I37,1)>0,"H","A")) -> A | S37: =IF(LEFT(J37,1)-RIGHT(J37,1)=0,"D",IF(LEFT(J37,1)-RIGHT(J37,1)>0,"H","A")) -> A | T37: =IF(LEFT(K37,1)-RIGHT(K37,1)=0,"D",IF(LEFT(K37,1)-RIGHT(K37,1)>0,"H","A")) -> A | U37: =IF(LEFT(L37,1)-RIGHT(L37,1)=0,"D",IF(LEFT(L37,1)-RIGHT(L37,1)>0,"H","A")) -> A | V37: =IF(LEFT(M37,1)-RIGHT(M37,1)=0,"D",IF(LEFT(M37,1)-RIGHT(M37,1)>0,"H","A")) -> A | W37: =IF(LEFT(N37,1)-RIGHT(N37,1)=0,"D",IF(LEFT(N37,1)-RIGHT(N37,1)>0,"H","A")) -> A | X37: =IF(LEFT(O37,1)-RIGHT(O37,1)=0,"D",IF(LEFT(O37,1)-RIGHT(O37,1)>0,"H","A")) -> A | Y37: =IF(LEFT(P37,1)-RIGHT(P37,1)=0,"D",IF(LEFT(P37,1)-RIGHT(P37,1)>0,"H","A")) -> A | Z37: =IF(I37="","",IF(I37=$H37,"W",IF(R37=$Q37,"D","L"))) -> D | AA37: =IF(J37="","",IF(J37=$H37,"W",IF(S37=$Q37,"D","L"))) -> D | AB37: =IF(K37="","",IF(K37=$H37,"W",IF(T37=$Q37,"D","L"))) -> D | AC37: =IF(L37="","",IF(L37=$H37,"W",IF(U37=$Q37,"D","L"))) -> D | AD37: =IF(M37="","",IF(M37=$H37,"W",IF(V37=$Q37,"D","L"))) -> D | AE37: =IF(N37="","",IF(N37=$H37,"W",IF(W37=$Q37,"D","L"))) -> D | AF37: =IF(O37="","",IF(O37=$H37,"W",IF(X37=$Q37,"D","L"))) -> D | AG37: =IF(P37="","",IF(P37=$H37,"W",IF(Y37=$Q37,"D","L"))) -> D
A38: 8muyl6d5ahy04fbwarplcg3kk | B38: Spain vs Saudi Arabia | C38: 46194 | D38: 0.70833333 | E38: Spain | F38: Saudi Arabia | G38: G2 | H38: 4-0 | I38: 3-0 | J38: 4-1 | K38: 3-0 | L38: 3-0 | M38: 2-0 | N38: 3-0 | O38: 2-0 | P38: 3-0 | Q38: =IF(LEFT(H38,1)-RIGHT(H38,1)=0,"D",IF(LEFT(H38,1)-RIGHT(H38,1)>0,"H","A")) -> H | R38: =IF(LEFT(I38,1)-RIGHT(I38,1)=0,"D",IF(LEFT(I38,1)-RIGHT(I38,1)>0,"H","A")) -> H | S38: =IF(LEFT(J38,1)-RIGHT(J38,1)=0,"D",IF(LEFT(J38,1)-RIGHT(J38,1)>0,"H","A")) -> H | T38: =IF(LEFT(K38,1)-RIGHT(K38,1)=0,"D",IF(LEFT(K38,1)-RIGHT(K38,1)>0,"H","A")) -> H | U38: =IF(LEFT(L38,1)-RIGHT(L38,1)=0,"D",IF(LEFT(L38,1)-RIGHT(L38,1)>0,"H","A")) -> H | V38: =IF(LEFT(M38,1)-RIGHT(M38,1)=0,"D",IF(LEFT(M38,1)-RIGHT(M38,1)>0,"H","A")) -> H | W38: =IF(LEFT(N38,1)-RIGHT(N38,1)=0,"D",IF(LEFT(N38,1)-RIGHT(N38,1)>0,"H","A")) -> H | X38: =IF(LEFT(O38,1)-RIGHT(O38,1)=0,"D",IF(LEFT(O38,1)-RIGHT(O38,1)>0,"H","A")) -> H | Y38: =IF(LEFT(P38,1)-RIGHT(P38,1)=0,"D",IF(LEFT(P38,1)-RIGHT(P38,1)>0,"H","A")) -> H | Z38: =IF(I38="","",IF(I38=$H38,"W",IF(R38=$Q38,"D","L"))) -> D | AA38: =IF(J38="","",IF(J38=$H38,"W",IF(S38=$Q38,"D","L"))) -> D | AB38: =IF(K38="","",IF(K38=$H38,"W",IF(T38=$Q38,"D","L"))) -> D | AC38: =IF(L38="","",IF(L38=$H38,"W",IF(U38=$Q38,"D","L"))) -> D | AD38: =IF(M38="","",IF(M38=$H38,"W",IF(V38=$Q38,"D","L"))) -> D | AE38: =IF(N38="","",IF(N38=$H38,"W",IF(W38=$Q38,"D","L"))) -> D | AF38: =IF(O38="","",IF(O38=$H38,"W",IF(X38=$Q38,"D","L"))) -> D | AG38: =IF(P38="","",IF(P38=$H38,"W",IF(Y38=$Q38,"D","L"))) -> D
A39: cz84ih3b6irraa24kj6kvtz4k | B39: Belgium vs Iran | C39: 46194 | D39: 0.83333333 | E39: Belgium | F39: Iran | G39: G2 | H39: 0-0 | I39: 3-0 | J39: 3-1 | K39: 3-1 | L39: 3-1 | M39: 2-1 | N39: 2-0 | O39: 2-0 | P39: 2-0 | Q39: =IF(LEFT(H39,1)-RIGHT(H39,1)=0,"D",IF(LEFT(H39,1)-RIGHT(H39,1)>0,"H","A")) -> D | R39: =IF(LEFT(I39,1)-RIGHT(I39,1)=0,"D",IF(LEFT(I39,1)-RIGHT(I39,1)>0,"H","A")) -> H | S39: =IF(LEFT(J39,1)-RIGHT(J39,1)=0,"D",IF(LEFT(J39,1)-RIGHT(J39,1)>0,"H","A")) -> H | T39: =IF(LEFT(K39,1)-RIGHT(K39,1)=0,"D",IF(LEFT(K39,1)-RIGHT(K39,1)>0,"H","A")) -> H | U39: =IF(LEFT(L39,1)-RIGHT(L39,1)=0,"D",IF(LEFT(L39,1)-RIGHT(L39,1)>0,"H","A")) -> H | V39: =IF(LEFT(M39,1)-RIGHT(M39,1)=0,"D",IF(LEFT(M39,1)-RIGHT(M39,1)>0,"H","A")) -> H | W39: =IF(LEFT(N39,1)-RIGHT(N39,1)=0,"D",IF(LEFT(N39,1)-RIGHT(N39,1)>0,"H","A")) -> H | X39: =IF(LEFT(O39,1)-RIGHT(O39,1)=0,"D",IF(LEFT(O39,1)-RIGHT(O39,1)>0,"H","A")) -> H | Y39: =IF(LEFT(P39,1)-RIGHT(P39,1)=0,"D",IF(LEFT(P39,1)-RIGHT(P39,1)>0,"H","A")) -> H | Z39: =IF(I39="","",IF(I39=$H39,"W",IF(R39=$Q39,"D","L"))) -> L | AA39: =IF(J39="","",IF(J39=$H39,"W",IF(S39=$Q39,"D","L"))) -> L | AB39: =IF(K39="","",IF(K39=$H39,"W",IF(T39=$Q39,"D","L"))) -> L | AC39: =IF(L39="","",IF(L39=$H39,"W",IF(U39=$Q39,"D","L"))) -> L | AD39: =IF(M39="","",IF(M39=$H39,"W",IF(V39=$Q39,"D","L"))) -> L | AE39: =IF(N39="","",IF(N39=$H39,"W",IF(W39=$Q39,"D","L"))) -> L | AF39: =IF(O39="","",IF(O39=$H39,"W",IF(X39=$Q39,"D","L"))) -> L | AG39: =IF(P39="","",IF(P39=$H39,"W",IF(Y39=$Q39,"D","L"))) -> L
A40: 9ic1j3k1bvdhabxn5crvsx6ac | B40: Uruguay vs Cape Verde | C40: 46194 | D40: 0.95833333 | E40: Uruguay | F40: Cape Verde | G40: G2 | H40: 2-2 | I40: 3-0 | J40: 2-0 | K40: 2-0 | L40: 3-1 | M40: 2-0 | N40: 3-1 | O40: 1-0 | P40: 1-0 | Q40: =IF(LEFT(H40,1)-RIGHT(H40,1)=0,"D",IF(LEFT(H40,1)-RIGHT(H40,1)>0,"H","A")) -> D | R40: =IF(LEFT(I40,1)-RIGHT(I40,1)=0,"D",IF(LEFT(I40,1)-RIGHT(I40,1)>0,"H","A")) -> H | S40: =IF(LEFT(J40,1)-RIGHT(J40,1)=0,"D",IF(LEFT(J40,1)-RIGHT(J40,1)>0,"H","A")) -> H | T40: =IF(LEFT(K40,1)-RIGHT(K40,1)=0,"D",IF(LEFT(K40,1)-RIGHT(K40,1)>0,"H","A")) -> H | U40: =IF(LEFT(L40,1)-RIGHT(L40,1)=0,"D",IF(LEFT(L40,1)-RIGHT(L40,1)>0,"H","A")) -> H | V40: =IF(LEFT(M40,1)-RIGHT(M40,1)=0,"D",IF(LEFT(M40,1)-RIGHT(M40,1)>0,"H","A")) -> H | W40: =IF(LEFT(N40,1)-RIGHT(N40,1)=0,"D",IF(LEFT(N40,1)-RIGHT(N40,1)>0,"H","A")) -> H | X40: =IF(LEFT(O40,1)-RIGHT(O40,1)=0,"D",IF(LEFT(O40,1)-RIGHT(O40,1)>0,"H","A")) -> H | Y40: =IF(LEFT(P40,1)-RIGHT(P40,1)=0,"D",IF(LEFT(P40,1)-RIGHT(P40,1)>0,"H","A")) -> H | Z40: =IF(I40="","",IF(I40=$H40,"W",IF(R40=$Q40,"D","L"))) -> L | AA40: =IF(J40="","",IF(J40=$H40,"W",IF(S40=$Q40,"D","L"))) -> L | AB40: =IF(K40="","",IF(K40=$H40,"W",IF(T40=$Q40,"D","L"))) -> L | AC40: =IF(L40="","",IF(L40=$H40,"W",IF(U40=$Q40,"D","L"))) -> L | AD40: =IF(M40="","",IF(M40=$H40,"W",IF(V40=$Q40,"D","L"))) -> L | AE40: =IF(N40="","",IF(N40=$H40,"W",IF(W40=$Q40,"D","L"))) -> L | AF40: =IF(O40="","",IF(O40=$H40,"W",IF(X40=$Q40,"D","L"))) -> L | AG40: =IF(P40="","",IF(P40=$H40,"W",IF(Y40=$Q40,"D","L"))) -> L
A41: ds4dbpzuq9s8a87zc84b58w7o | B41: New Zealand vs Egypt | C41: 46195 | D41: 0.083333333 | E41: New Zealand | F41: Egypt | G41: G2 | H41: 1-3 | I41: 0-2 | J41: 1-2 | K41: 1-1 | L41: 2-1 | M41: 1-2 | N41: 0-2 | O41: 0-1 | P41: 0-1 | Q41: =IF(LEFT(H41,1)-RIGHT(H41,1)=0,"D",IF(LEFT(H41,1)-RIGHT(H41,1)>0,"H","A")) -> A | R41: =IF(LEFT(I41,1)-RIGHT(I41,1)=0,"D",IF(LEFT(I41,1)-RIGHT(I41,1)>0,"H","A")) -> A | S41: =IF(LEFT(J41,1)-RIGHT(J41,1)=0,"D",IF(LEFT(J41,1)-RIGHT(J41,1)>0,"H","A")) -> A | T41: =IF(LEFT(K41,1)-RIGHT(K41,1)=0,"D",IF(LEFT(K41,1)-RIGHT(K41,1)>0,"H","A")) -> D | U41: =IF(LEFT(L41,1)-RIGHT(L41,1)=0,"D",IF(LEFT(L41,1)-RIGHT(L41,1)>0,"H","A")) -> H | V41: =IF(LEFT(M41,1)-RIGHT(M41,1)=0,"D",IF(LEFT(M41,1)-RIGHT(M41,1)>0,"H","A")) -> A | W41: =IF(LEFT(N41,1)-RIGHT(N41,1)=0,"D",IF(LEFT(N41,1)-RIGHT(N41,1)>0,"H","A")) -> A | X41: =IF(LEFT(O41,1)-RIGHT(O41,1)=0,"D",IF(LEFT(O41,1)-RIGHT(O41,1)>0,"H","A")) -> A | Y41: =IF(LEFT(P41,1)-RIGHT(P41,1)=0,"D",IF(LEFT(P41,1)-RIGHT(P41,1)>0,"H","A")) -> A | Z41: =IF(I41="","",IF(I41=$H41,"W",IF(R41=$Q41,"D","L"))) -> D | AA41: =IF(J41="","",IF(J41=$H41,"W",IF(S41=$Q41,"D","L"))) -> D | AB41: =IF(K41="","",IF(K41=$H41,"W",IF(T41=$Q41,"D","L"))) -> L | AC41: =IF(L41="","",IF(L41=$H41,"W",IF(U41=$Q41,"D","L"))) -> L | AD41: =IF(M41="","",IF(M41=$H41,"W",IF(V41=$Q41,"D","L"))) -> D | AE41: =IF(N41="","",IF(N41=$H41,"W",IF(W41=$Q41,"D","L"))) -> D | AF41: =IF(O41="","",IF(O41=$H41,"W",IF(X41=$Q41,"D","L"))) -> D | AG41: =IF(P41="","",IF(P41=$H41,"W",IF(Y41=$Q41,"D","L"))) -> D
A42: 6zhd6pt8kyzrbkgwq2i2k8u1g | B42: Argentina vs Austria | C42: 46195 | D42: 0.75 | E42: Argentina | F42: Austria | G42: G2 | H42: 2-0 | I42: 3-0 | J42: 4-1 | K42: 2-1 | L42: 3-0 | M42: 2-2 | N42: 2-0 | O42: 2-0 | P42: 1-0 | Q42: =IF(LEFT(H42,1)-RIGHT(H42,1)=0,"D",IF(LEFT(H42,1)-RIGHT(H42,1)>0,"H","A")) -> H | R42: =IF(LEFT(I42,1)-RIGHT(I42,1)=0,"D",IF(LEFT(I42,1)-RIGHT(I42,1)>0,"H","A")) -> H | S42: =IF(LEFT(J42,1)-RIGHT(J42,1)=0,"D",IF(LEFT(J42,1)-RIGHT(J42,1)>0,"H","A")) -> H | T42: =IF(LEFT(K42,1)-RIGHT(K42,1)=0,"D",IF(LEFT(K42,1)-RIGHT(K42,1)>0,"H","A")) -> H | U42: =IF(LEFT(L42,1)-RIGHT(L42,1)=0,"D",IF(LEFT(L42,1)-RIGHT(L42,1)>0,"H","A")) -> H | V42: =IF(LEFT(M42,1)-RIGHT(M42,1)=0,"D",IF(LEFT(M42,1)-RIGHT(M42,1)>0,"H","A")) -> D | W42: =IF(LEFT(N42,1)-RIGHT(N42,1)=0,"D",IF(LEFT(N42,1)-RIGHT(N42,1)>0,"H","A")) -> H | X42: =IF(LEFT(O42,1)-RIGHT(O42,1)=0,"D",IF(LEFT(O42,1)-RIGHT(O42,1)>0,"H","A")) -> H | Y42: =IF(LEFT(P42,1)-RIGHT(P42,1)=0,"D",IF(LEFT(P42,1)-RIGHT(P42,1)>0,"H","A")) -> H | Z42: =IF(I42="","",IF(I42=$H42,"W",IF(R42=$Q42,"D","L"))) -> D | AA42: =IF(J42="","",IF(J42=$H42,"W",IF(S42=$Q42,"D","L"))) -> D | AB42: =IF(K42="","",IF(K42=$H42,"W",IF(T42=$Q42,"D","L"))) -> D | AC42: =IF(L42="","",IF(L42=$H42,"W",IF(U42=$Q42,"D","L"))) -> D | AD42: =IF(M42="","",IF(M42=$H42,"W",IF(V42=$Q42,"D","L"))) -> L | AE42: =IF(N42="","",IF(N42=$H42,"W",IF(W42=$Q42,"D","L"))) -> W | AF42: =IF(O42="","",IF(O42=$H42,"W",IF(X42=$Q42,"D","L"))) -> W | AG42: =IF(P42="","",IF(P42=$H42,"W",IF(Y42=$Q42,"D","L"))) -> D
A43: emsvcmkqvohy5qmhedopxtus4 | B43: France vs Iraq | C43: 46195 | D43: 0.91666667 | E43: France | F43: Iraq | G43: G2 | H43: 3-0 | I43: 4-0 | J43: 3-0 | K43: 4-0 | L43: 5-0 | M43: 6-1 | N43: 4-0 | O43: 3-0 | P43: 3-0 | Q43: =IF(LEFT(H43,1)-RIGHT(H43,1)=0,"D",IF(LEFT(H43,1)-RIGHT(H43,1)>0,"H","A")) -> H | R43: =IF(LEFT(I43,1)-RIGHT(I43,1)=0,"D",IF(LEFT(I43,1)-RIGHT(I43,1)>0,"H","A")) -> H | S43: =IF(LEFT(J43,1)-RIGHT(J43,1)=0,"D",IF(LEFT(J43,1)-RIGHT(J43,1)>0,"H","A")) -> H | T43: =IF(LEFT(K43,1)-RIGHT(K43,1)=0,"D",IF(LEFT(K43,1)-RIGHT(K43,1)>0,"H","A")) -> H | U43: =IF(LEFT(L43,1)-RIGHT(L43,1)=0,"D",IF(LEFT(L43,1)-RIGHT(L43,1)>0,"H","A")) -> H | V43: =IF(LEFT(M43,1)-RIGHT(M43,1)=0,"D",IF(LEFT(M43,1)-RIGHT(M43,1)>0,"H","A")) -> H | W43: =IF(LEFT(N43,1)-RIGHT(N43,1)=0,"D",IF(LEFT(N43,1)-RIGHT(N43,1)>0,"H","A")) -> H | X43: =IF(LEFT(O43,1)-RIGHT(O43,1)=0,"D",IF(LEFT(O43,1)-RIGHT(O43,1)>0,"H","A")) -> H | Y43: =IF(LEFT(P43,1)-RIGHT(P43,1)=0,"D",IF(LEFT(P43,1)-RIGHT(P43,1)>0,"H","A")) -> H | Z43: =IF(I43="","",IF(I43=$H43,"W",IF(R43=$Q43,"D","L"))) -> D | AA43: =IF(J43="","",IF(J43=$H43,"W",IF(S43=$Q43,"D","L"))) -> W | AB43: =IF(K43="","",IF(K43=$H43,"W",IF(T43=$Q43,"D","L"))) -> D | AC43: =IF(L43="","",IF(L43=$H43,"W",IF(U43=$Q43,"D","L"))) -> D | AD43: =IF(M43="","",IF(M43=$H43,"W",IF(V43=$Q43,"D","L"))) -> D | AE43: =IF(N43="","",IF(N43=$H43,"W",IF(W43=$Q43,"D","L"))) -> D | AF43: =IF(O43="","",IF(O43=$H43,"W",IF(X43=$Q43,"D","L"))) -> W | AG43: =IF(P43="","",IF(P43=$H43,"W",IF(Y43=$Q43,"D","L"))) -> W
A44: elv88zog1n9ratzzksyfumtw | B44: Norway vs Senegal | C44: 46196 | D44: 0.041666667 | E44: Norway | F44: Senegal | G44: G2 | H44: 3-2 | I44: 2-1 | J44: 2-2 | K44: 1-1 | L44: 3-1 | M44: 2-2 | N44: 1-1 | O44: 2-1 | P44: 1-1 | Q44: =IF(LEFT(H44,1)-RIGHT(H44,1)=0,"D",IF(LEFT(H44,1)-RIGHT(H44,1)>0,"H","A")) -> H | R44: =IF(LEFT(I44,1)-RIGHT(I44,1)=0,"D",IF(LEFT(I44,1)-RIGHT(I44,1)>0,"H","A")) -> H | S44: =IF(LEFT(J44,1)-RIGHT(J44,1)=0,"D",IF(LEFT(J44,1)-RIGHT(J44,1)>0,"H","A")) -> D | T44: =IF(LEFT(K44,1)-RIGHT(K44,1)=0,"D",IF(LEFT(K44,1)-RIGHT(K44,1)>0,"H","A")) -> D | U44: =IF(LEFT(L44,1)-RIGHT(L44,1)=0,"D",IF(LEFT(L44,1)-RIGHT(L44,1)>0,"H","A")) -> H | V44: =IF(LEFT(M44,1)-RIGHT(M44,1)=0,"D",IF(LEFT(M44,1)-RIGHT(M44,1)>0,"H","A")) -> D | W44: =IF(LEFT(N44,1)-RIGHT(N44,1)=0,"D",IF(LEFT(N44,1)-RIGHT(N44,1)>0,"H","A")) -> D | X44: =IF(LEFT(O44,1)-RIGHT(O44,1)=0,"D",IF(LEFT(O44,1)-RIGHT(O44,1)>0,"H","A")) -> H | Y44: =IF(LEFT(P44,1)-RIGHT(P44,1)=0,"D",IF(LEFT(P44,1)-RIGHT(P44,1)>0,"H","A")) -> D | Z44: =IF(I44="","",IF(I44=$H44,"W",IF(R44=$Q44,"D","L"))) -> D | AA44: =IF(J44="","",IF(J44=$H44,"W",IF(S44=$Q44,"D","L"))) -> L | AB44: =IF(K44="","",IF(K44=$H44,"W",IF(T44=$Q44,"D","L"))) -> L | AC44: =IF(L44="","",IF(L44=$H44,"W",IF(U44=$Q44,"D","L"))) -> D | AD44: =IF(M44="","",IF(M44=$H44,"W",IF(V44=$Q44,"D","L"))) -> L | AE44: =IF(N44="","",IF(N44=$H44,"W",IF(W44=$Q44,"D","L"))) -> L | AF44: =IF(O44="","",IF(O44=$H44,"W",IF(X44=$Q44,"D","L"))) -> D | AG44: =IF(P44="","",IF(P44=$H44,"W",IF(Y44=$Q44,"D","L"))) -> L
A45: 7mw80b82sfqh1le7swr7l8zdg | B45: Jordan vs Algeria | C45: 46196 | D45: 0.16666667 | E45: Jordan | F45: Algeria | G45: G2 | H45: 1-2 | I45: 1-2 | J45: 0-2 | K45: 0-2 | L45: 2-2 | M45: 0-2 | N45: 0-2 | O45: 0-1 | P45: 0-1 | Q45: =IF(LEFT(H45,1)-RIGHT(H45,1)=0,"D",IF(LEFT(H45,1)-RIGHT(H45,1)>0,"H","A")) -> A | R45: =IF(LEFT(I45,1)-RIGHT(I45,1)=0,"D",IF(LEFT(I45,1)-RIGHT(I45,1)>0,"H","A")) -> A | S45: =IF(LEFT(J45,1)-RIGHT(J45,1)=0,"D",IF(LEFT(J45,1)-RIGHT(J45,1)>0,"H","A")) -> A | T45: =IF(LEFT(K45,1)-RIGHT(K45,1)=0,"D",IF(LEFT(K45,1)-RIGHT(K45,1)>0,"H","A")) -> A | U45: =IF(LEFT(L45,1)-RIGHT(L45,1)=0,"D",IF(LEFT(L45,1)-RIGHT(L45,1)>0,"H","A")) -> D | V45: =IF(LEFT(M45,1)-RIGHT(M45,1)=0,"D",IF(LEFT(M45,1)-RIGHT(M45,1)>0,"H","A")) -> A | W45: =IF(LEFT(N45,1)-RIGHT(N45,1)=0,"D",IF(LEFT(N45,1)-RIGHT(N45,1)>0,"H","A")) -> A | X45: =IF(LEFT(O45,1)-RIGHT(O45,1)=0,"D",IF(LEFT(O45,1)-RIGHT(O45,1)>0,"H","A")) -> A | Y45: =IF(LEFT(P45,1)-RIGHT(P45,1)=0,"D",IF(LEFT(P45,1)-RIGHT(P45,1)>0,"H","A")) -> A | Z45: =IF(I45="","",IF(I45=$H45,"W",IF(R45=$Q45,"D","L"))) -> W | AA45: =IF(J45="","",IF(J45=$H45,"W",IF(S45=$Q45,"D","L"))) -> D | AB45: =IF(K45="","",IF(K45=$H45,"W",IF(T45=$Q45,"D","L"))) -> D | AC45: =IF(L45="","",IF(L45=$H45,"W",IF(U45=$Q45,"D","L"))) -> L | AD45: =IF(M45="","",IF(M45=$H45,"W",IF(V45=$Q45,"D","L"))) -> D | AE45: =IF(N45="","",IF(N45=$H45,"W",IF(W45=$Q45,"D","L"))) -> D | AF45: =IF(O45="","",IF(O45=$H45,"W",IF(X45=$Q45,"D","L"))) -> D | AG45: =IF(P45="","",IF(P45=$H45,"W",IF(Y45=$Q45,"D","L"))) -> D
A46: bwetcq2x65uyp68uztwcuw9hw | B46: Portugal vs Uzbekistan | C46: 46196 | D46: 0.75 | E46: Portugal | F46: Uzbekistan | G46: G2 | H46: 5-0 | I46: 3-1 | J46: 4-0 | K46: 2-0 | L46: 3-1 | M46: 2-1 | N46: 2-0 | O46: 2-0 | P46: 2-0 | Q46: =IF(LEFT(H46,1)-RIGHT(H46,1)=0,"D",IF(LEFT(H46,1)-RIGHT(H46,1)>0,"H","A")) -> H | R46: =IF(LEFT(I46,1)-RIGHT(I46,1)=0,"D",IF(LEFT(I46,1)-RIGHT(I46,1)>0,"H","A")) -> H | S46: =IF(LEFT(J46,1)-RIGHT(J46,1)=0,"D",IF(LEFT(J46,1)-RIGHT(J46,1)>0,"H","A")) -> H | T46: =IF(LEFT(K46,1)-RIGHT(K46,1)=0,"D",IF(LEFT(K46,1)-RIGHT(K46,1)>0,"H","A")) -> H | U46: =IF(LEFT(L46,1)-RIGHT(L46,1)=0,"D",IF(LEFT(L46,1)-RIGHT(L46,1)>0,"H","A")) -> H | V46: =IF(LEFT(M46,1)-RIGHT(M46,1)=0,"D",IF(LEFT(M46,1)-RIGHT(M46,1)>0,"H","A")) -> H | W46: =IF(LEFT(N46,1)-RIGHT(N46,1)=0,"D",IF(LEFT(N46,1)-RIGHT(N46,1)>0,"H","A")) -> H | X46: =IF(LEFT(O46,1)-RIGHT(O46,1)=0,"D",IF(LEFT(O46,1)-RIGHT(O46,1)>0,"H","A")) -> H | Y46: =IF(LEFT(P46,1)-RIGHT(P46,1)=0,"D",IF(LEFT(P46,1)-RIGHT(P46,1)>0,"H","A")) -> H | Z46: =IF(I46="","",IF(I46=$H46,"W",IF(R46=$Q46,"D","L"))) -> D | AA46: =IF(J46="","",IF(J46=$H46,"W",IF(S46=$Q46,"D","L"))) -> D | AB46: =IF(K46="","",IF(K46=$H46,"W",IF(T46=$Q46,"D","L"))) -> D | AC46: =IF(L46="","",IF(L46=$H46,"W",IF(U46=$Q46,"D","L"))) -> D | AD46: =IF(M46="","",IF(M46=$H46,"W",IF(V46=$Q46,"D","L"))) -> D | AE46: =IF(N46="","",IF(N46=$H46,"W",IF(W46=$Q46,"D","L"))) -> D | AF46: =IF(O46="","",IF(O46=$H46,"W",IF(X46=$Q46,"D","L"))) -> D | AG46: =IF(P46="","",IF(P46=$H46,"W",IF(Y46=$Q46,"D","L"))) -> D
